-- INSERT Movies
INSERT INTO public.mv_movie (id_imdb, director, imdb_rating, imdb_vote, plot, released, runtime, title) VALUES
    ('tt0137523', 'David Fincher', 8.8, 1748300, 'Le narrateur, sans identité précise, vit seul, travaille seul, dort seul, mange seul ses plateaux-repas pour une personne comme beaucoup d''autres personnes seules qui connaissent la misère humaine, morale et sexuelle. C''est pourquoi il va devenir membre du Fight club, un lieu clandestin où il va pouvoir retrouver sa virilité, l''échange et la communication. Ce club est dirigé par Tyler Durden, une sorte d''anarchiste entre gourou et philosophe qui prêche l''amour de son prochain.', '1999-10-15', 139, 'Fight Club'),
    ('tt0114814', null, null, null, 'Une légende du crime contraint 5 malfrats à aller s''acquitter d''une tâche très périlleuse. Ceux qui survivent pourront se partager un butin de 91 millions de dollars.', '1995-07-19', 106, 'Usual Suspects'),
    ('tt0109440', null, null, null, 'Odile Deray, attachée de presse, vient au Festival de Cannes pour présenter le film "Red is Dead". Malheureusement, celui-ci est d''une telle faiblesse que personne ne souhaite en faire l''écho. Mais lorsque les projectionnistes du long-métrage en question meurent chacun leur tour dans d''étranges circonstances, "Red is dead" bénéficie d''une incroyable publicité. Serge Karamazov est alors chargé de protéger le nouveau projectionniste du film.', '1994-03-09', 99, 'La Cité de la Peur'),
    ('tt0093409', null, null, null, 'Deux excellents policiers de Los Angeles, Martin Riggs et Roger Murtaugh, se retrouvent coéquipers sur une même affaire. Les deux hommes, de caractère franchement opposé, finissent par s''apprécier et demontrent leur amitié et leurs capacités quand la fille de l''un d''eux est enlevée par d''anciens agents des forces spéciales devenus trafiquants de drogue.', '1987-03-06', 110, 'L''Arme fatale'),
    ('tt0078907', null, null, null, 'Après le Club Méditerranée, la joyeuse troupe d''amis (plus connue sous le nom des Bronzés) se retrouvent aux sports d''hiver. Ils vivront encore d''autres problèmes sentimentaux et mésaventures. L''équipe ira même se perdre en montagne.', '1979-11-22', 83, 'Les Bronzés font du ski')
;

-- INSERT Movie Buffs
INSERT INTO mv_moviebuff (id_movie_buff, first_name, last_name) VALUES
    (nextval('movie_buff_seq_id'), 'Tête', 'Denoeud'),
    (nextval('movie_buff_seq_id'), 'Gérard', 'Menltant'),
    (nextval('movie_buff_seq_id'), 'Al', 'Kollyck'),
    (nextval('movie_buff_seq_id'), 'Corine', 'Titgoute');

INSERT INTO public.mv_movie_movie_buff (movie_buffs_id_movie_buff, movies_seen_id_imdb) VALUES
    (1, 'tt0078907'),
    (1, 'tt0109440');

-- INSERT Opinions
INSERT INTO public.mv_opinion (id_opinion, comment, id_movie_buff, rating, movie_id_imdb) VALUES
    (nextval('opinion_seq_id'), 'Surpris !', 1, 0.5, 'tt0137523'),
    (nextval('opinion_seq_id'), 'Film culte !', 1, 10, 'tt0078907')
;

-- INSERT Actors
INSERT INTO public.mv_actor (id_actor, name) VALUES
    (21177, 'Thierry Lhermitte'),
    (64913, 'Marie-Anne Chazel'),
    (21175, 'Michel Blanc'),
    (35137, 'Josiane Balasko'),
    (28781, 'Christian Clavier'),
    (21171, 'Gérard Jugnot'),
    (1972, 'Dominique Lavanant'),
    (82792, 'Bruno Moynot'),
    (68722, 'Maurice Chevit'),
    (9045, 'Stephen Baldwin'),
    (1979, 'Kevin Spacey'),
    (5168, 'Gabriel Byrne'),
    (9046, 'Chazz Palminteri'),
    (7166, 'Kevin Pollak'),
    (4935, 'Pete Postlethwaite'),
    (2179, 'Suzy Amis'),
    (4808, 'Giancarlo Esposito'),
    (1121, 'Benicio del Toro'),
    (6486, 'Dan Hedaya'),
    (101377, 'Paul Bartel'),
    (56166, 'Carl Bressler'),
    (9047, 'Christine Estabrook'),
    (9048, 'Clark Gregg'),
    (156227, 'Morgan Hunter'),
    (3218, 'Louis Lombardi'),
    (1216752, 'Frank Medrano'),
    (1235937, 'Ron Gilbert'),
    (11803, 'Peter Greene'),
    (3979, 'Castulo Guerra'),
    (82119, 'Chantal Lauby'),
    (4275, 'Alain Chabat'),
    (27221, 'Dominique Farrugia'),
    (47337, 'Gérard Darmon'),
    (76826, 'Sam Karmann'),
    (19776, 'Jean-Christophe Bouvet'),
    (76827, 'Hélène de Fougerolles'),
    (2165, 'Rosanna Arquette'),
    (10698, 'Tchéky Karyo'),
    (28281, 'Jean-Pierre Bacri'),
    (24814, 'Daniel Gélin'),
    (30641, 'Eddy Mitchell'),
    (507238, 'Pierre Lescure'),
    (545426, 'Patrick Lizana'),
    (49748, 'Eric Prat'),
    (255923, 'Marc de Jonge'),
    (62531, 'Valérie Lemercier'),
    (572506, 'Dave'),
    (39144, 'Patrice Laffont'),
    (2414, 'Artus de Penguern'),
    (67717, 'Michel Hazanavicius'),
    (23508, 'Daniel Toscan du Plantier'),
    (2710, 'James Cameron'),
    (17624, 'Olivier Doran'),
    (310646, 'Christian Gazio'),
    (291375, 'Florence Viala'),
    (411483, 'Philippe Chany'),
    (278032, 'Pierre Amzallag'),
    (19063, 'Bruno Carette'),
    (572507, 'Claire Hammond'),
    (572508, 'Christian Moro'),
    (572509, 'Florence Joubert'),
    (264214, 'Hélène Rodier'),
    (572510, 'Géraldine Bonnet-Guérin'),
    (78480, 'Sophie Mounicot'),
    (70165, 'Gérard Lanvin'),
    (21680, 'Dominique Besnehard'),
    (415820, 'Pierre Héros'),
    (572511, 'Henri de Turenne'),
    (2461, 'Mel Gibson'),
    (2047, 'Danny Glover'),
    (2048, 'Gary Busey'),
    (11784, 'Tom Atkins'),
    (14313, 'Darlene Love'),
    (14314, 'Traci Wolfe'),
    (14316, 'Damon Hines'),
    (14317, 'Ebonie Smith'),
    (14319, 'Lycia Naff'),
    (8658, 'Ed O''Ross'),
    (14062, 'Don Gordon'),
    (23967, 'Mary Ellen Trainor'),
    (14328, 'Steve Kahan'),
    (61704, 'Al Leong'),
    (14312, 'Mitchell Ryan'),
    (14320, 'Jack Thibeau'),
    (14315, 'Jackie Swanson'),
    (14318, 'Gilles Kohler'),
    (194553, 'Patrick Cameron'),
    (297999, 'David Pontremoli'),
    (35210, 'Roland Giraud'),
    (1828503, 'Fernand Bonnevie'),
    (1289993, 'Guy Laporte'),
    (38404, 'Véronique Barrault'),
    (225653, 'Michel Such'),
    (1350238, 'Isabelle de Botton'),
    (25035, 'Maurice Aufair'),
    (1662202, 'Jean-Marc Henchoz'),
    (100721, 'Doris Thomas')
;

INSERT INTO public.mv_actor_movies (movies_id_imdb, actors_id_actor) VALUES
    ('tt0114814', 9045),
    ('tt0114814', 1979),
    ('tt0114814', 5168),
    ('tt0114814', 9046),
    ('tt0114814', 7166),
    ('tt0114814', 4935),
    ('tt0114814', 2179),
    ('tt0114814', 4808),
    ('tt0114814', 1121),
    ('tt0114814', 6486),
    ('tt0114814', 101377),
    ('tt0114814', 56166),
    ('tt0114814', 9047),
    ('tt0114814', 9048),
    ('tt0114814', 156227),
    ('tt0114814', 3218),
    ('tt0114814', 1216752),
    ('tt0114814', 1235937),
    ('tt0114814', 11803),
    ('tt0114814', 3979),
    ('tt0109440', 82119),
    ('tt0109440', 4275),
    ('tt0109440', 27221),
    ('tt0109440', 47337),
    ('tt0109440', 76826),
    ('tt0109440', 19776),
    ('tt0109440', 76827),
    ('tt0109440', 2165),
    ('tt0109440', 10698),
    ('tt0109440', 28281),
    ('tt0109440', 24814),
    ('tt0109440', 30641),
    ('tt0109440', 507238),
    ('tt0109440', 545426),
    ('tt0109440', 49748),
    ('tt0109440', 255923),
    ('tt0109440', 62531),
    ('tt0109440', 572506),
    ('tt0109440', 39144),
    ('tt0109440', 2414),
    ('tt0109440', 67717),
    ('tt0109440', 23508),
    ('tt0109440', 2710),
    ('tt0109440', 17624),
    ('tt0109440', 310646),
    ('tt0109440', 291375),
    ('tt0109440', 411483),
    ('tt0109440', 278032),
    ('tt0109440', 19063),
    ('tt0109440', 572507),
    ('tt0109440', 572508),
    ('tt0109440', 572509),
    ('tt0109440', 264214),
    ('tt0109440', 572510),
    ('tt0109440', 78480),
    ('tt0109440', 70165),
    ('tt0109440', 21680),
    ('tt0109440', 415820),
    ('tt0109440', 572511),
    ('tt0093409', 2461),
    ('tt0093409', 2047),
    ('tt0093409', 2048),
    ('tt0093409', 11784),
    ('tt0093409', 14313),
    ('tt0093409', 14314),
    ('tt0093409', 14316),
    ('tt0093409', 14317),
    ('tt0093409', 14319),
    ('tt0093409', 8658),
    ('tt0093409', 14062),
    ('tt0093409', 23967),
    ('tt0093409', 14328),
    ('tt0093409', 61704),
    ('tt0093409', 14312),
    ('tt0093409', 14320),
    ('tt0093409', 14315),
    ('tt0093409', 14318),
    ('tt0093409', 194553),
    ('tt0078907', 21177),
    ('tt0078907', 64913),
    ('tt0078907', 21175),
    ('tt0078907', 35137),
    ('tt0078907', 28781),
    ('tt0078907', 21171),
    ('tt0078907', 1972),
    ('tt0078907', 82792),
    ('tt0078907', 68722),
    ('tt0078907', 297999),
    ('tt0078907', 35210),
    ('tt0078907', 1828503),
    ('tt0078907', 1289993),
    ('tt0078907', 38404),
    ('tt0078907', 225653),
    ('tt0078907', 1350238),
    ('tt0078907', 25035),
    ('tt0078907', 1662202),
    ('tt0078907', 100721)
;