-- INSERT Movies
INSERT INTO public.mv_movie (id_imdb,director,imdb_rating,imdb_vote,plot,poster_url,released,runtime,title) VALUES 
('tt3896198','James Gunn',7.6,526626,'Avec en toile de fond l’Awesome Mixtape #2, Les Gardiens de la Galaxie Vol. 2 poursuit les aventures de l’équipe alors qu’ils traversent les confins du cosmos. Les Gardiens doivent se battre pour que leur nouvelle famille reste ensemble tandis qu’ils cherchent à percer le mystère de la véritable filiation de Star-Lord. De vieux ennemis deviennent de nouveaux alliés et des personnages appréciés des fans, issus des comics, viennent en aide à nos héros alors que l’Univers Cinématographique Marvel continue de se développer.','http://image.tmdb.org/t/p/original/y4MBh0EjBlMuOzv9axM4qJlmhzz.jpg','2017-04-19',138,'Les Gardiens de la Galaxie Vol. 2')
,('tt0093409','Richard Donner',7.6,226186,'Deux excellents policiers de Los Angeles, Martin Riggs et Roger Murtaugh, se retrouvent coéquipers sur une même affaire. Les deux hommes, de caractère franchement opposé, finissent par s''apprécier et demontrent leur amitié et leurs capacités quand la fille de l''un d''eux est enlevée par d''anciens agents des forces spéciales devenus trafiquants de drogue.','http://image.tmdb.org/t/p/original/drp80fBSWhz0vAmzUibXDyn0Pjo.jpg','1987-03-06',110,'L''Arme fatale')
,('tt0078907','Patrice Leconte',7.5,6671,'Après le Club Méditerranée, la joyeuse troupe d''amis (plus connue sous le nom des Bronzés) se retrouvent aux sports d''hiver. Ils vivront encore d''autres problèmes sentimentaux et mésaventures. L''équipe ira même se perdre en montagne.','http://image.tmdb.org/t/p/original/rosWjYeqeq8u1C9plhisUkyilCg.jpg','1979-11-22',83,'Les Bronzés font du ski')
,('tt0109440','Alain Berbérian',7.7,7807,'Odile Deray, attachée de presse, vient au Festival de Cannes pour présenter le film "Red is Dead". Malheureusement, celui-ci est d''une telle faiblesse que personne ne souhaite en faire l''écho. Mais lorsque les projectionnistes du long-métrage en question meurent chacun leur tour dans d''étranges circonstances, "Red is dead" bénéficie d''une incroyable publicité. Serge Karamazov est alors chargé de protéger le nouveau projectionniste du film.','http://image.tmdb.org/t/p/original/uk3LfRdzTp8pyR8SigjUNvtx90E.jpg','1994-03-09',99,'La Cité de la Peur')
,('tt0137523','David Fincher',8.8,1755840,'Le narrateur, sans identité précise, vit seul, travaille seul, dort seul, mange seul ses plateaux-repas pour une personne comme beaucoup d’autres personnes seules qui connaissent la misère humaine, morale et sexuelle. C’est pourquoi il va devenir membre du Fight club, un lieu clandestin où il va pouvoir retrouver sa virilité, l’échange et la communication. Ce club est dirigé par Tyler Durden, une sorte d’anarchiste entre gourou et philosophe qui prêche l’amour de son prochain.','http://image.tmdb.org/t/p/original/4GpwvwDjgwiShr1UBJIn5fk1gwT.jpg','1999-10-15',139,'Fight Club')
,('tt0114814','Bryan Singer',8.5,944220,'Une légende du crime contraint 5 malfrats à aller s''acquitter d''une tâche très périlleuse. Ceux qui survivent pourront se partager un butin de 91 millions de dollars.','http://image.tmdb.org/t/p/original/jgJoRWltoS17nD5MAQ1yK2Ztefw.jpg','1995-07-19',106,'Usual Suspects')
,('tt0800369','Kenneth Branagh',7,713274,'Thor, le héros du nouveau film issu de l''univers Marvel, est un guerrier tout-puissant et arrogant dont les actes téméraires font renaître de nos jours un conflit ancestral. À cause de cela, il est banni du Royaume mythique d’Asgard et est condamné à vivre parmi les humains. Mais lorsque les forces du Mal d’Asgard s’apprêtent à envahir la Terre, Thor découvre enfin ce que signifie "être un héros".','http://image.tmdb.org/t/p/original/9zDwvsISU8bR15R2yN3kh1lfqve.jpg','2011-04-21',115,'Thor')
,('tt0125439','Roger Michell',7.1,257291,'Quand un matin, Anna Scott, l''actrice la plus célèbre d''Hollywood, pousse la porte de la librairie de William Thacket, située dans le charmant quartier de Notting Hill, à l''ouest de Londres, le libraire ignore que commence une grande aventure. Par une série de hasards comme seul le destin peut en mettre en scène, William et Anna vivent une rencontre étonnante, attachante. Lorsque la star le rappelle quelque temps plus tard, William n''ose y croire.','http://image.tmdb.org/t/p/original/f1gMw3PVicfdq9thlvUIjJ5UdvS.jpg','1999-05-13',130,'Coup de foudre à Notting Hill')
,('tt0082100','Claude Pinoteau',6.7,7626,'Vic, treize ans, inscrite au lycée Henri-IV, est à l''âge des premières sorties et des premiers émois. Vic n''a guère l''occasion de parler avec ses parents, trop occupés par leur carrière respective, et dont le couple subit les assauts classiques du temps. Elle se confie donc à son arrière-grand-mère, la pétillante Poupette, ou à sa meilleure amie, Pénélope. Elle partagera donc avec elles son amour pour le beau Mathieu. Mais cet amour-là aussi connaîtra quelques difficultés...','http://image.tmdb.org/t/p/original/1a7lRpHfOtmnvlbxLnt5mBk8RPA.jpg','1980-01-01',106,'La boum')
,('tt0083686','Claude Pinoteau',6.2,3915,'Deux ans après La Boum, Vic, maintenant âgée de 15 ans et demi entre en classe de seconde au lycée Henri IV. Cela fait maintenant un an qu''elle n''est pas "sortie" avec un garçon. Dans le train, en rentrant d''Autriche avec Poupette, sa formidable arrière grand-mère, elle échange accidentellement son passeport avec celui de Philippe, un jeune garçon de 18 ans dont elle va vite tomber amoureuse. Vraiment amoureuse. Par les jeux de l''amour, ne mettra t-elle pas en péril son histoire avec lui ? Palpitant et plein de suspense.','http://image.tmdb.org/t/p/original/5xJSNVifX1ItjClex9OXAph39oV.jpg','1982-12-08',103,'La Boum 2')
;
INSERT INTO public.mv_movie (id_imdb,director,imdb_rating,imdb_vote,plot,poster_url,released,runtime,title) VALUES 
('tt0372784','Christopher Nolan',8.2,1245995,'Comment un homme seul peut-il changer le monde ? Telle est la question qui hante Bruce Wayne depuis cette nuit tragique où ses parents furent abattus sous ses yeux, dans une ruelle de Gotham City. Torturé par un profond sentiment de colère et de culpabilité, le jeune héritier de cette richissime famille fuit Gotham pour un long et discret voyage à travers le monde. Le but de ses pérégrinations : sublimer sa soif de vengeance en trouvant de nouveaux moyens de lutter contre l''injustice.','http://image.tmdb.org/t/p/original/mYsoCOq82b08juHGxd3WnotiCAh.jpg','2005-06-10',139,'Batman Begins')
,('tt0118715','Joel Coen',8.1,692172,'Jeff Lebowski, prénommé le Duc, est un paresseux qui passe son temps à boire des coups avec son copain Walter et à jouer au bowling, jeu dont il est fanatique. Un jour deux malfrats le passent à tabac. Il semblerait qu''un certain Jackie Treehorn veuille récupérer une somme d''argent que lui doit la femme de Jeff. Seulement Lebowski n''est pas marié. C''est une méprise, le Lebowski recherché est un millionnaire de Pasadena. Le Duc part alors en quête d''un dédommagement auprès de son richissime homonyme...','http://image.tmdb.org/t/p/original/aHaVjVoXeNanfwUwQ92SG7tosFM.jpg','1998-03-06',117,'The Big Lebowski')
,('tt1907668','Robert Zemeckis',7.3,311414,'Après une nuit à faire la fête avec une hôtesse, le pilote de ligne Whip Whitaker prend les commandes de son appareil, pour un vol à destination d''Atlanta. Il passe une partie du trajet à dormir, et est réveillé peu de temps avant l''atterrissage. C''est alors qu''un incident survient : les gouvernes de l''avion se bloquent. Au prix d''une manœuvre risquée, Whitaker parvient à se poser en catastrophe. Lorsqu''il se réveille à l''hôpital, on lui apprend qu''il a sauvé des dizaines de vies. Cependant, très vite, l''enquête sur l''accident révèle que Whitaker était sous l''emprise de l''alcool. Il risque une condamnation pour usage de drogue et homicide..','http://image.tmdb.org/t/p/original/8XEbkjgorAm9xk15mF63jqJ4ByV.jpg','2012-11-02',138,'Flight')
,('tt1119646','Todd Phillips',7.7,689860,'Ils avaient prévu un enterrement de vie de garçon à Las Vegas qu''ils n''oublieraient jamais. Maintenant, ils ont vraiment besoin de se souvenir de ce qu''il s''est passé. À qui est ce bébé dans le placard de leur suite au Caesar Palace ? Comment un tigre est-il arrivé jusque dans leur salle de bain ? Pourquoi manque-t-il une dent à l''un d''entre eux ? Et, surtout, où est le marié ?! Mais ce qu''ils ont fait la nuit précédente n''est rien en comparaison des combines scandaleuses qu''ils doivent mettre en œuvre pour tenter de rassembler les pièces du puzzle qui constituent leur nuit passée - à partir d''indices franchement brumeux…','http://image.tmdb.org/t/p/original/uluhlXubGu1VxU63X9VHCLWDAYP.jpg','2009-06-02',90,'Very Bad Trip')
,('tt1213663','Edgar Wright',7,246004,'Il y a vingt ans, Gary, Andrew, Oliver, Steven et Peter étaient jeunes et fous et aimaient faire la tournée des bars. Les cinq amis d''enfance se souviennent avec nostalgie, enfin surtout Gary, d''une soirée épique, où ils avaient écumé les douze pubs de la ville. Ce temps là est loin derrière sauf pour Gary, qui refuse obstinément de mener une vie rangée. Celui-ci décide de réunir ses amis pour un nouveau marathon de la boisson. D''abords réticents, ces derniers finissent par céder et ensemble, ils se rendent donc dans leur ville natale, pour aller dans le seul pub où ils n''ont jamais mis les pieds, le mystérieux «The World''s End», désormais peuplé de robots extraterrestres...','http://image.tmdb.org/t/p/original/dsrc7sMjNm5KOr6YpwVKqQGD41Y.jpg','2013-07-18',109,'Le Dernier Pub avant la fin du monde')
,('tt0448157','Peter Berg',6.4,428073,'Il y a les héros, les super-héros et il y a... Hancock. Ses super pouvoirs lui ont souvent permis de sauver d''innombrables vies, mais les dégâts monstrueux qu''il fait au passage ont fini par le rendre impopulaire. Les habitants de Los Angeles n''en peuvent plus et se demandent ce qu''ils ont bien pu faire pour mériter un « héros » pareil. Hancock est une tête de mule irascible qui n''est pas du genre à se soucier de ce que pensent les gens... du moins jusqu''à ce qu''il sauve la vie de Ray Embrey, un spécialiste des relations publiques. Le super-héros le plus détesté au monde commence alors à réaliser qu''il n''est pas aussi insensible qu''il voudrait le faire croire...','http://image.tmdb.org/t/p/original/dsCxSr4w3g2ylhlZg3v5CB5Pid7.jpg','2008-07-01',92,'Hancock')
,('tt0387808','Mike Judge',6.6,137269,'Joe Bowers, l''Américain moyen par excellence, est choisi par le Pentagone comme cobaye d''un programme d''hibernation, qui va mal tourner. Il se réveille 500 ans plus tard et découvre que le niveau intellectuel de l''espèce humaine a radicalement baissé et qu''il est l''homme le plus brillant sur la planète...','http://image.tmdb.org/t/p/original/fPAhLmWdXDuwDPb37ccc6DqkJiw.jpg','2006-09-01',84,'Idiocracy')
,('tt0433412','Martha Coolidge',4,21135,'Ava et Tanzie Marchetta sont les jeunes et sublimes héritières de Marchetta Cosmetics, la multinationale que leur défunt père a fondée. Leurs principales préoccupations : les chaussures, les clubs les plus branchés et leur petit-ami du moment. Le rêve... Mais leur univers s''effondre completement quand un journaliste fait sensation en soutenant que leur produit phare est en fait dangereux pour la santé, images d''une victime à l''appui. Les deux jeunes femmes se retrouvent ruinées du jour au lendemain et vont devoir se battre pour sauver la mémoire de leur père et découvrir leur vraie personnalité.','http://image.tmdb.org/t/p/original/r8Rw1tITOdf3KIMWUuGWINTDLYg.jpg','2006-08-18',97,'Material Girls')
,('tt2101441','Harmony Korine',5.3,130823,'Pour financer leur Spring Break, quatre filles aussi fauchées que sexy décident de braquer un fast-food. Et ce n’est que le début… Lors d’une fête dans une chambre de motel, la soirée dérape et les filles sont embarquées par la police. En bikini et avec une gueule de bois d’enfer, elles se retrouvent devant le juge, mais contre toute attente leur caution est payée par Alien, un malfrat local qui les prend sous son aile…','http://image.tmdb.org/t/p/original/dd71jKm9j1AJEP8MDbHYrUAfdsD.jpg','2013-01-24',94,'Spring Breakers')
;

-- INSERT Movie Buffs
INSERT INTO public.mv_moviebuff (id_movie_buff,first_name,last_name) VALUES 
(1,'Tête','Denoeud')
,(2,'Gérard','Menltant')
,(3,'Al','Kollyck')
,(4,'Corine','Titgoute')
;

-- INSERT relations Movie / Movie Buff
INSERT INTO public.mv_movie_movie_buff (movie_buffs_id_movie_buff,movies_seen_id_imdb) VALUES 
(2,'tt0109440')
,(3,'tt0118715')
,(3,'tt1907668')
,(3,'tt1119646')
,(3,'tt1213663')
,(3,'tt0448157')
,(1,'tt0078907')
,(1,'tt0109440')
,(1,'tt0114814')
,(1,'tt0800369')
;
INSERT INTO public.mv_movie_movie_buff (movie_buffs_id_movie_buff,movies_seen_id_imdb) VALUES 
(1,'tt0372784')
,(1,'tt0387808')
,(4,'tt0125439')
,(4,'tt0082100')
,(4,'tt0083686')
,(4,'tt0433412')
,(4,'tt2101441')
;

-- INSERT Opinions
INSERT INTO public.mv_opinion (id_opinion,"comment",rating,movie_id_imdb,movie_buff_id_movie_buff) VALUES 
(1,'Surpris !',0.5,'tt0137523',1)
,(2,'Film culte !',10,'tt0078907',1)
,(3,'A mourir de rire !',7.3,'tt0078907',2)
,(4,'Les Nuls géniaux !',8,'tt0109440',1)
;

-- INSERT Actors
INSERT INTO public.mv_actor (id_actor,"name") VALUES 
(21177,'Thierry Lhermitte')
,(64913,'Marie-Anne Chazel')
,(21175,'Michel Blanc')
,(35137,'Josiane Balasko')
,(28781,'Christian Clavier')
,(21171,'Gérard Jugnot')
,(1972,'Dominique Lavanant')
,(82792,'Bruno Moynot')
,(68722,'Maurice Chevit')
,(9045,'Stephen Baldwin')
;
INSERT INTO public.mv_actor (id_actor,"name") VALUES 
(1979,'Kevin Spacey')
,(5168,'Gabriel Byrne')
,(9046,'Chazz Palminteri')
,(7166,'Kevin Pollak')
,(4935,'Pete Postlethwaite')
,(2179,'Suzy Amis')
,(4808,'Giancarlo Esposito')
,(1121,'Benicio del Toro')
,(6486,'Dan Hedaya')
,(101377,'Paul Bartel')
;
INSERT INTO public.mv_actor (id_actor,"name") VALUES 
(56166,'Carl Bressler')
,(9047,'Christine Estabrook')
,(9048,'Clark Gregg')
,(156227,'Morgan Hunter')
,(3218,'Louis Lombardi')
,(1216752,'Frank Medrano')
,(1235937,'Ron Gilbert')
,(11803,'Peter Greene')
,(3979,'Castulo Guerra')
,(82119,'Chantal Lauby')
;
INSERT INTO public.mv_actor (id_actor,"name") VALUES 
(4275,'Alain Chabat')
,(27221,'Dominique Farrugia')
,(47337,'Gérard Darmon')
,(76826,'Sam Karmann')
,(19776,'Jean-Christophe Bouvet')
,(76827,'Hélène de Fougerolles')
,(2165,'Rosanna Arquette')
,(10698,'Tchéky Karyo')
,(28281,'Jean-Pierre Bacri')
,(24814,'Daniel Gélin')
;
INSERT INTO public.mv_actor (id_actor,"name") VALUES 
(30641,'Eddy Mitchell')
,(507238,'Pierre Lescure')
,(545426,'Patrick Lizana')
,(49748,'Eric Prat')
,(255923,'Marc de Jonge')
,(62531,'Valérie Lemercier')
,(572506,'Dave')
,(39144,'Patrice Laffont')
,(2414,'Artus de Penguern')
,(67717,'Michel Hazanavicius')
;
INSERT INTO public.mv_actor (id_actor,"name") VALUES 
(23508,'Daniel Toscan du Plantier')
,(2710,'James Cameron')
,(17624,'Olivier Doran')
,(310646,'Christian Gazio')
,(291375,'Florence Viala')
,(411483,'Philippe Chany')
,(278032,'Pierre Amzallag')
,(19063,'Bruno Carette')
,(572507,'Claire Hammond')
,(572508,'Christian Moro')
;
INSERT INTO public.mv_actor (id_actor,"name") VALUES 
(572509,'Florence Joubert')
,(264214,'Hélène Rodier')
,(572510,'Géraldine Bonnet-Guérin')
,(78480,'Sophie Mounicot')
,(70165,'Gérard Lanvin')
,(21680,'Dominique Besnehard')
,(415820,'Pierre Héros')
,(572511,'Henri de Turenne')
,(2461,'Mel Gibson')
,(2047,'Danny Glover')
;
INSERT INTO public.mv_actor (id_actor,"name") VALUES 
(2048,'Gary Busey')
,(11784,'Tom Atkins')
,(14313,'Darlene Love')
,(14314,'Traci Wolfe')
,(14316,'Damon Hines')
,(14317,'Ebonie Smith')
,(14319,'Lycia Naff')
,(8658,'Ed O''Ross')
,(14062,'Don Gordon')
,(23967,'Mary Ellen Trainor')
;
INSERT INTO public.mv_actor (id_actor,"name") VALUES 
(14328,'Steve Kahan')
,(61704,'Al Leong')
,(14312,'Mitchell Ryan')
,(14320,'Jack Thibeau')
,(14315,'Jackie Swanson')
,(14318,'Gilles Kohler')
,(194553,'Patrick Cameron')
,(297999,'David Pontremoli')
,(35210,'Roland Giraud')
,(1828503,'Fernand Bonnevie')
;
INSERT INTO public.mv_actor (id_actor,"name") VALUES 
(1289993,'Guy Laporte')
,(38404,'Véronique Barrault')
,(225653,'Michel Such')
,(1350238,'Isabelle de Botton')
,(25035,'Maurice Aufair')
,(1662202,'Jean-Marc Henchoz')
,(100721,'Doris Thomas')
,(73457,'Chris Pratt')
,(8691,'Zoe Saldana')
,(543530,'Dave Bautista')
;
INSERT INTO public.mv_actor (id_actor,"name") VALUES 
(12835,'Vin Diesel')
,(51329,'Bradley Cooper')
,(12132,'Michael Rooker')
,(543261,'Karen Gillan')
,(139820,'Pom Klementieff')
,(16483,'Sylvester Stallone')
,(6856,'Kurt Russell')
,(1133349,'Elizabeth Debicki')
,(1293892,'Chris Sullivan')
,(51663,'Sean Gunn')
;
INSERT INTO public.mv_actor (id_actor,"name") VALUES 
(2478,'Tommy Flanagan')
,(209578,'Laura Haddock')
,(77337,'Aaron Schwartz')
,(1806596,'Hannah Gottesman')
,(1313075,'Hilty Bowen')
,(26048,'Ben Browder')
,(142298,'Alexander Klein')
,(1494146,'Luke Cook')
,(333,'Evan Jones')
,(85115,'Joe Fria')
;
INSERT INTO public.mv_actor (id_actor,"name") VALUES 
(1411625,'Terence Rosemore')
,(1435789,'Jimmy Urine')
,(85096,'Stephen Blackehart')
,(559457,'Steve Agee')
,(1806597,'Blondy Baruti')
,(105657,'Richard Christy')
,(16848,'Rob Zombie')
,(1806598,'Sierra Love')
,(1772601,'Kendra Carelli')
,(1404450,'Milynn Sarley')
;
INSERT INTO public.mv_actor (id_actor,"name") VALUES 
(13922,'Seth Green')
,(96349,'Molly C. Quinn')
,(19975,'Michael Rosenbaum')
,(51456,'Rhoda Griffis')
,(7624,'Stan Lee')
,(28238,'David Hasselhoff')
,(1806599,'Mac Wells')
,(1806600,'Jim Gunn Sr.')
,(1806601,'Leota Gunn')
,(1718567,'Elizabeth Ludlow')
;
INSERT INTO public.mv_actor (id_actor,"name") VALUES 
(1148455,'Wyatt Oleff')
,(2518,'Gregg Henry')
,(1635208,'Damita Jane Howard')
,(10182,'Ving Rhames')
,(1620,'Michelle Yeoh')
,(1405553,'Fred')
,(76594,'Miley Cyrus')
,(4785,'Jeff Goldblum')
,(229508,'Mike Escamilla')
,(1769802,'Donny Carrington')
;
INSERT INTO public.mv_actor (id_actor,"name") VALUES 
(1806602,'Brian Clackley')
,(1482685,'Nea Dune')
,(1358965,'Fred Galle')
,(1767219,'Tahseen Ghauri')
,(1806603,'Alphonso A''Qen-Aten Jackson')
,(1082706,'Kelly Richardson')
,(1873278,'Guillermo Rodriguez')
,(1812367,'Josh Tipis')
,(1578275,'Jason Williams')
,(1688645,'Cheyanna Lavon Zubas')
;
INSERT INTO public.mv_actor (id_actor,"name") VALUES 
(115573,'Glenda Jackson')
,(137924,'John Thaw')
,(61840,'Cathy Tyson')
,(185762,'Mark McGann')
,(1214695,'Eamon Boland')
,(135101,'James Hazeldine')
,(1444824,'Buki Armstrong')
,(1225379,'Stephen McGann')
,(1444826,'Philip Foster')
,(1444827,'Natalie Duffy')
;
INSERT INTO public.mv_actor (id_actor,"name") VALUES 
(150816,'Mel Martin')
,(1444859,'Michelle Byatt')
,(14954,'Robert Keegan')
,(137024,'Craig Charles')
,(1444860,'Christine Moore')
,(8435,'Stephen Dillane')
,(1229178,'Lucy Sheen')
,(1444865,'Eithne Browne')
,(1444866,'Roland Oliver')
,(1593857,'Jack Carr')
;
INSERT INTO public.mv_actor (id_actor,"name") VALUES 
(74568,'Chris Hemsworth')
,(524,'Natalie Portman')
,(91606,'Tom Hiddleston')
,(4173,'Anthony Hopkins')
,(1640,'Stellan Skarsgård')
,(52852,'Kat Dennings')
,(10132,'Colm Feore')
,(17605,'Idris Elba')
,(56614,'Ray Stevenson')
,(13275,'Tadanobu Asano')
;
INSERT INTO public.mv_actor (id_actor,"name") VALUES 
(77880,'Josh Dallas')
,(59817,'Jaimie Alexander')
,(14343,'Rene Russo')
,(270,'Adriana Barraza')
,(1018947,'Maximiliano Hernández')
,(12371,'Richard Cetrone')
,(125050,'Darren Kendrick')
,(78150,'Joshua Cox')
,(1579743,'Justice Jesse Smith')
,(58508,'Joseph Gatt')
;
INSERT INTO public.mv_actor (id_actor,"name") VALUES 
(169653,'Luke Massy')
,(1912180,'Matthew Ducey')
,(1056049,'Jason Camp')
,(963745,'Buddy Sosthand')
,(1147968,'Blake Silver')
,(79079,'Jamie McShane')
,(25310,'Dale Godboldo')
,(84341,'Patrick O''Brien Demsey')
,(9568,'Jim Palmer')
,(1536517,'Seth Coltan')
;
INSERT INTO public.mv_actor (id_actor,"name") VALUES 
(33045,'J. Michael Straczynski')
,(1912182,'Ryan Schaefer')
,(15282,'Matt Battaglia')
,(12223,'Joel McCrary')
,(1884648,'Isaac Kappy')
,(1194993,'Juliet Lopez')
,(109422,'Rob Mars')
,(1158068,'Carrie Lazar')
,(1212271,'Harley Graham')
,(1266788,'Alexander Wright')
;
INSERT INTO public.mv_actor (id_actor,"name") VALUES 
(1077059,'Hilary Pingle')
,(141185,'Shawn-Caulin Young')
,(1222494,'Walt Simonson')
,(1396824,'Kinsey McLean')
,(1912186,'Kelly Hawthorne')
,(234479,'Dakota Goyo')
,(1332974,'Ted Allpress')
,(51301,'Douglas Tait')
,(17604,'Jeremy Renner')
,(2231,'Samuel L. Jackson')
;
INSERT INTO public.mv_actor (id_actor,"name") VALUES 
(103,'Mark Ruffalo')
,(112,'Cate Blanchett')
,(62561,'Tessa Thompson')
,(1372,'Karl Urban')
,(71580,'Benedict Cumberbatch')
,(55934,'Taika Waititi')
,(15298,'Rachel House')
,(6574,'Clancy Brown')
,(69899,'Zachary Levi')
,(1909074,'Georgia Blizzard')
;
INSERT INTO public.mv_actor (id_actor,"name") VALUES 
(1236816,'Amali Golden')
,(216986,'Luke Hemsworth')
,(4783,'Sam Neill')
,(1892,'Matt Damon')
,(1434826,'Charlotte Nicdao')
,(1909076,'Ashley Ricardo')
,(1687354,'Shalom Brune-Franklin')
,(1909077,'Taylor Hemsworth')
,(939388,'Cohen Holloway')
,(1535059,'Alia Seror-O''Neill')
;
INSERT INTO public.mv_actor (id_actor,"name") VALUES 
(1909079,'Sophia Laryea')
,(1546971,'Steven Oliver')
,(1570328,'Hamish Parkinson')
,(187016,'Jasper Bagg')
,(1909080,'Sky Castanho')
,(1058106,'Shari Sebbens')
,(1909081,'Richard Green')
,(1909082,'Sol Castanho')
,(1527566,'Jet Tranter')
,(1909083,'Samantha Hopper')
;
INSERT INTO public.mv_actor (id_actor,"name") VALUES 
(1674205,'Eloise Winestock')
,(110909,'Rob Mayes')
,(1768699,'Tahlia Jade')
,(1690239,'Winnie Mzembe')
,(1328711,'Sean Edward Frazer')
,(1394464,'Connor Zegenhagen')
,(1814638,'Tracie Filmer')
,(230621,'Tracey Lee Maxwell')
,(1814641,'Beatrice Ward')
,(1813771,'Donnie Baxter')
;
INSERT INTO public.mv_actor (id_actor,"name") VALUES 
(1795311,'Greta Carew-Johns')
,(1813770,'Mollie McGregor')
,(1571654,'Sophia McGregor')
,(1245,'Scarlett Johansson')
,(2040,'Christopher Eccleston')
,(31164,'Adewale Akinnuoye-Agbaje')
,(2506,'Alice Krige')
,(19901,'Clive Russell')
,(1270111,'Jonathan Howard')
,(1381866,'Ramone Morgan')
;
INSERT INTO public.mv_actor (id_actor,"name") VALUES 
(1743768,'Obada Alassadi')
,(1743769,'Imaan Chentouf')
,(1743770,'Claire Brown')
,(1743771,'Henry Calcutt')
,(1743772,'Ava Caton')
,(1743773,'Abbie McCann')
,(1132749,'Thomas Arnold')
,(1269487,'Sam Swainsbury')
,(1743774,'Connor Donaghey')
,(1266313,'Royce Pierreson')
;
INSERT INTO public.mv_actor (id_actor,"name") VALUES 
(1743775,'Annabel Norbury')
,(1743776,'Sophie Cosson')
,(40477,'Chris O''Dowd')
,(206724,'Justin Edwards')
,(1414711,'Gruffudd Glyn')
,(3901,'Richard Brake')
,(1743778,'Steve Scott')
,(1224188,'Brett Tucker')
,(66441,'Talulah Riley')
,(87115,'Richard Wharton')
;
INSERT INTO public.mv_actor (id_actor,"name") VALUES 
(2220,'Tony Curran')
,(16828,'Chris Evans')
,(82639,'Ophelia Lovibond')
,(73269,'Elsa Pataky')
,(3894,'Christian Bale')
,(1672488,'Daley Pearson')
,(1471454,'Lucie Lucas')
,(1471466,'Rayane Bensetti')
,(54293,'Xavier Robic')
,(144622,'Cécile Rebboah')
;
INSERT INTO public.mv_actor (id_actor,"name") VALUES 
(1685524,'Alison Petrier')
,(931296,'Frankie Wallach')
,(240103,'Delphine Forest')
,(1685527,'Saunskruti Kher')
,(4274,'Miou-Miou')
,(17882,'Isabelle Huppert')
,(38901,'Guy Marchand')
,(16349,'Robin Renucci')
,(5274,'Patrick Bauchau')
,(27978,'Denis Lavant')
;
INSERT INTO public.mv_actor (id_actor,"name") VALUES 
(33161,'François Cluzet')
,(1076679,'Jacques Alric')
,(34589,'Jacqueline Doyen')
,(1636103,'Saga Blanchard')
,(1902504,'Guillaume Le Guellec')
,(3200,'Christine Pascal')
,(1478580,'Laëtitia Milot')
,(1734406,'Amaury de Crayencour')
,(32707,'Philippe Bas')
,(1332479,'Tiphaine Daviot')
;
INSERT INTO public.mv_actor (id_actor,"name") VALUES 
(2548722,'Laurent Brissonnaud')
,(2548723,'Teiva Tapare')
,(2548724,'Ioan Lenoir')
,(2548725,'Aurore Bazzara')
,(2548726,'Teiva Cornu')
,(2548727,'Hinatea Thommelin')
,(2548728,'Taina Jubely')
,(2548729,'Laurie Paranthoen')
,(2548730,'Herman Tepapa')
,(25089,'Tomer Sisley')
;
INSERT INTO public.mv_actor (id_actor,"name") VALUES 
(1261727,'Julie de Bona')
,(240733,'Malonn Lévana')
,(1942928,'Giorgio Maïetto')
,(68798,'Dorothée Jemma')
,(441790,'Gianni Giardinelli')
,(1942929,'William Robquin')
,(37609,'Christian Bouillette')
,(1942932,'Mirka Valova')
,(1942933,'Janicke Askevold')
,(1857656,'Oussama Kheddam')
;
INSERT INTO public.mv_actor (id_actor,"name") VALUES 
(1942935,'Ivan Mathias Peterson')
,(1942937,'Luca Nils Mertel')
,(1942938,'Louisy Joseph')
,(1554016,'Anaïs Delva')
,(1558482,'Tatiana Werner')
,(115686,'Laurent Spielvogel')
,(1275972,'Erik Svane')
,(1942943,'Jules Baudat')
,(587159,'Helena Noguerra')
,(83813,'Thierry Neuvic')
;
INSERT INTO public.mv_actor (id_actor,"name") VALUES 
(239421,'Arielle Sémenoff')
,(1856315,'Leonid Glushchenko')
,(1395703,'Carolina Jurczak')
,(587163,'Diana Rudychenko')
,(2453061,'Rodion Kosechenko')
,(65871,'Amanda Schull')
,(1473436,'Morgan David Jones')
,(1323882,'Jamie Spilchuk')
,(61661,'Patrice Goodman')
,(2189345,'Eric Hicks')
;
INSERT INTO public.mv_actor (id_actor,"name") VALUES 
(1311518,'Sidney Leeder')
,(52975,'Rishma Malik Scott')
,(1363733,'Peyson Rock')
,(1482634,'Toni Ellwand')
,(37431,'John Novak')
,(59750,'Nikki DeLoach')
,(212689,'Jeff Hephner')
,(104646,'Barbara Niven')
,(2271512,'Skylar Olivia Flanagan')
,(2195483,'Tom Thon')
;
INSERT INTO public.mv_actor (id_actor,"name") VALUES 
(2356135,'Bisserat Tseggai')
,(1890583,'Caroline Arapoglou')
,(1952010,'Nick Arapoglou')
,(2011358,'Kwajalyn Brown')
,(83602,'Dwayne Boyd')
,(168875,'Gary Weeks')
,(123148,'Brandon Quinn')
,(1581217,'Brandon Morris')
,(2356136,'Kelli Vonshay Henderson')
,(1882635,'Casey Edwards')
;
INSERT INTO public.mv_actor (id_actor,"name") VALUES 
(2535275,'Jerry Brown')
,(2535276,'Jeff Burhans')
,(2535277,'Sandy Burhans')
,(2535278,'Lacey Coan')
,(2535279,'Nia Cowart')
,(2535280,'Molly Dakota')
,(2535281,'Liz Degen')
,(2535282,'Daniel Grantham Jr.')
,(2535283,'Emerson Henley')
,(2535284,'Kerry McCoy')
;
INSERT INTO public.mv_actor (id_actor,"name") VALUES 
(2338116,'David Michael-Smith')
,(2535285,'Cailyn Peddle')
,(2535286,'Angela Peer')
,(2535287,'Felicia M. Reyes')
,(1604109,'Kimberly Ryans')
,(557314,'Michael Wayne Thomas')
,(2535288,'Lindsay Elizabeth Young')
,(1118081,'Bethany Joy Lenz')
,(134673,'Andrew W. Walker')
,(1716543,'Kate Isaac')
;
INSERT INTO public.mv_actor (id_actor,"name") VALUES 
(569210,'Bethany Brown')
,(1454808,'Frances Flanagan')
,(1368542,'Everick Golding')
,(27111,'Kevin McNulty')
,(55588,'Roman Podhora')
,(1930080,'Eric Gustafsson')
,(203294,'Jill Morrison')
,(2395497,'Amanda Wong')
,(2353261,'Elinet Louicius')
,(2225210,'Stephanie Cho')
;
INSERT INTO public.mv_actor (id_actor,"name") VALUES 
(97614,'Ronald Patrick Thompson')
,(1508116,'Garrett Black')
,(62921,'Denis Corbett')
,(1311743,'Yolanda Corbett')
,(1204,'Julia Roberts')
,(3291,'Hugh Grant')
,(18022,'Gina McKee')
,(41043,'Tim McInnerny')
,(7026,'Rhys Ifans')
,(7446,'Emma Chambers')
;
INSERT INTO public.mv_actor (id_actor,"name") VALUES 
(19923,'Hugh Bonneville')
,(7025,'Richard McCabe')
,(7027,'James Dreyfus')
,(7028,'Dylan Moran')
,(7029,'Roger Frost')
,(7030,'Henry Goodman')
,(7031,'Julian Rhind-Tutt')
,(7032,'Lorelei King')
,(7447,'Alec Baldwin')
,(940,'John Shrapnel')
;
INSERT INTO public.mv_actor (id_actor,"name") VALUES 
(1246,'Emily Mortimer')
,(1221067,'Dorian Lough')
,(145997,'Sanjeev Bhaskar')
,(75074,'Paul Chahidi')
,(11617,'Mischa Barton')
,(61011,'Clarke Peters')
,(172191,'Ann Beach')
,(54447,'Samuel West')
,(103033,'Tony Armatrading')
,(4001,'Simon Callow')
;
INSERT INTO public.mv_actor (id_actor,"name") VALUES 
(86480,'Rupert Procter')
,(41379,'Omid Djalili')
,(8654,'Matthew Modine')
,(163570,'Arturo Venegas')
,(1542627,'Phillip Manikum')
,(150541,'Patrick Barlow')
,(1231968,'Andy de la Tour')
,(9144,'Sally Phillips')
,(1184928,'Christian Simpson')
,(1958,'Claude Brasseur')
;
INSERT INTO public.mv_actor (id_actor,"name") VALUES 
(1959,'Brigitte Fossey')
,(1957,'Sophie Marceau')
,(1969,'Denise Grey')
,(1973,'Bernard Giraudeau')
,(1960,'Alexandre Sterling')
,(1970,'Sheila O''Connor')
,(2193,'Alexandra Gonin')
,(1974,'Jean-Michel Dupuis')
,(1977,'Richard Bohringer')
,(20800,'Jean-Pierre Castaldi')
;
INSERT INTO public.mv_actor (id_actor,"name") VALUES 
(15185,'Frédéric de Pasquale')
,(19647,'Robert Dalban')
,(1976,'Evelyne Bellego')
,(1975,'Jacques Ardouin')
,(2086,'Pierre Cosso')
,(2192,'Lambert Wilson')
,(2194,'Jean-Philippe Léonard')
,(2195,'Jean Leuvrais')
,(2196,'Claudia Morin')
,(2197,'Daniel Russo')
;
INSERT INTO public.mv_actor (id_actor,"name") VALUES 
(19161,'Sandrine Bonnaire')
,(54675,'Zabou Breitman')
,(1756538,'Philippe Kelly')
,(28792,'Alain Beigel')
,(680956,'Michel Bonnet')
,(26889,'Francis Lemaire')
,(543136,'Robert le Béal')
,(589127,'Gaëlle Legrand')
,(24884,'Lucienne Legrand')
,(1706087,'Mathieu Rivolier')
;
INSERT INTO public.mv_actor (id_actor,"name") VALUES 
(1178356,'Laetitia Gabrielli')
,(1385862,'Catherine Griffoni')
,(579211,'Damien Bonnard')
,(1710851,'Alexis Manenti')
,(1768054,'Djibril Zonga')
,(1170608,'Steve Tientcheu')
,(77191,'Jeanne Balibar')
,(2427680,'Issa Perica')
,(2427681,'Al-Hassan Ly')
,(1778153,'Almamy Kanoute')
;
INSERT INTO public.mv_actor (id_actor,"name") VALUES 
(2427682,'Nizar Ben Fatma')
,(2427683,'Raymond Lopez')
,(2427684,'Luciano Lopez')
,(2427685,'Jaihson Lopez')
,(2427686,'Sana Joachaim')
,(2427687,'Lucas Omiri')
,(2427688,'Rocco Lopez')
,(19117,'Emmanuelle Devos')
,(1423713,'Grégory Montel')
,(71930,'Gustave Kervern')
;
INSERT INTO public.mv_actor (id_actor,"name") VALUES 
(16972,'Sergi López')
,(1957178,'Zélie Rixhon')
,(2287886,'Eva Chico Veiga')
,(2022157,'William Sciortino')
,(24501,'Pierre Richard')
,(16927,'Gérard Depardieu')
,(24475,'Anny Duperey')
,(21170,'Michel Aumont')
,(1603298,'Stéphane Bierry')
,(1676550,'Jean-Jacques Scheffer')
;
INSERT INTO public.mv_actor (id_actor,"name") VALUES 
(24464,'Philippe Khorsand')
,(24763,'Roland Blanche')
,(39884,'Jacques Frantz')
,(38499,'Maurice Barrier')
,(364611,'Charlotte Maury-Sentier')
,(558333,'Giselle Pascal')
,(1676551,'Patrick Blondel')
,(1676552,'Florence Moreau')
,(46475,'Patrice Melennec')
,(579294,'François Bernheim')
;
INSERT INTO public.mv_actor (id_actor,"name") VALUES 
(1676553,'Bruno Allain')
,(145197,'Philippe Brigaud')
,(1676555,'Pulcher Castan')
,(1261735,'Luc-Antoine Diquéro')
,(1676556,'Natacha Guinaudeau')
,(1352760,'Sonia Laroze')
,(35523,'Patrick Laurent')
,(146232,'Jean-Claude Martin')
,(1676557,'Guy Matchoro')
,(34588,'Jacques Maury')
;
INSERT INTO public.mv_actor (id_actor,"name") VALUES 
(144740,'Jacqueline Noëlle')
,(1502410,'Christian Bianchi')
,(1502411,'Gérard Camp')
,(1609179,'Patrick Le Barz')
,(1676559,'Philippe Ribes')
,(1676560,'Claude Rossignol')
,(7693,'François Berléand')
,(22306,'Kad Merad')
,(43998,'Jean-Paul Bonnaire')
,(28793,'Marie Bunel')
;
INSERT INTO public.mv_actor (id_actor,"name") VALUES 
(43996,'Jean-Baptiste Maunier')
,(43997,'Maxence Perrin')
,(43999,'Grégory Gatignol')
,(1334021,'Thomas Blumenthal')
,(1334022,'Cyril Bernicot')
,(550110,'Philippe du Janerand')
,(583220,'Carole Weiss')
,(48418,'Erick Desmarestz')
,(35077,'Didier Flamand')
,(20030,'Jacques Perrin')
;
INSERT INTO public.mv_actor (id_actor,"name") VALUES 
(1334023,'Simon Fargeot')
,(1334024,'Théodule Carré-Cassaigne')
,(114822,'Armen Godel')
,(930809,'Steve Gadler')
,(2026845,'Jacques Beyster')
,(1885486,'Paul Chariéras')
,(2554666,'Monique Ditisheim')
,(1390133,'Fabrice Dubusset')
,(2383650,'Marielle Coubaillon')
,(2554673,'Violette Barratier')
;
INSERT INTO public.mv_actor (id_actor,"name") VALUES 
(1849005,'Christophe Borie')
,(146640,'Michel Caccia')
,(6968,'Hugh Jackman')
,(934,'Russell Crowe')
,(1813,'Anne Hathaway')
,(71070,'Amanda Seyfried')
,(37632,'Eddie Redmayne')
,(1283,'Helena Bonham Carter')
,(6730,'Sacha Baron Cohen')
,(143425,'Aaron Tveit')
;
INSERT INTO public.mv_actor (id_actor,"name") VALUES 
(145116,'Samantha Barks')
,(1133684,'Daniel Huttlestone')
,(1278483,'Cavin Cornwall')
,(43554,'Josef Altin')
,(1278484,'David Hawley')
,(1278485,'Adam Jones')
,(1278486,'John Barr')
,(44930,'Tony Rohr')
,(1222025,'Richard Dixon')
,(1123,'Andy Beckwith')
;
INSERT INTO public.mv_actor (id_actor,"name") VALUES 
(117313,'Colm Wilkinson')
,(1090138,'Stephen Bent')
,(191752,'Georgie Glen')
,(1184005,'Heather Chasen')
,(192922,'Paul Thornley')
,(123501,'Paul Howell')
,(1233034,'Stephen Tate')
,(56098,'Michael Jibson')
,(178630,'Kate Fleetwood')
,(1278487,'Hannah Waddingham')
;
INSERT INTO public.mv_actor (id_actor,"name") VALUES 
(1229438,'Clare Foster')
,(1278488,'Kirsty Hoiles')
,(1278490,'Alice Fearn')
,(1278491,'Alison Tennant')
,(1278492,'Marilyn Cutts')
,(1278493,'Cathy Breeze')
,(132988,'John Albasiny')
,(216425,'Bertie Carvel')
,(1010912,'Tim Downie')
,(176191,'Andrew Havill')
;
INSERT INTO public.mv_actor (id_actor,"name") VALUES 
(986101,'Dick Ward')
,(1278494,'Nicola Sloane')
,(1220071,'Daniel Evans')
,(1278495,'David Stoller')
,(1091582,'Ross McCormack')
,(1278496,'Jaygann Ayeh')
,(40311,'Adrian Scarborough')
,(132992,'Frances Ruffelle')
,(1278497,'Lynne Wilmot')
,(219763,'Charlotte Spencer')
;
INSERT INTO public.mv_actor (id_actor,"name") VALUES 
(1278498,'Julia Worsley')
,(1278499,'Keith Dunphy')
,(17259,'Ashley Artus')
,(32807,'John Surman')
,(193340,'David Cann')
,(138412,'James Simmons')
,(210169,'Polly Kemp')
,(95716,'Ian Pirie')
,(1278501,'Adam Pearce')
,(30086,'Julian Bleach')
;
INSERT INTO public.mv_actor (id_actor,"name") VALUES 
(73528,'Marc Pickering')
,(1145979,'Isabelle Allen')
,(1145984,'Natalya Wallace')
,(231700,'Phil Snowden')
,(1278503,'Hadrian Delacey')
,(1278504,'Lottie Steer')
,(1232658,'Sam Parks')
,(211413,'Mark Donovan')
,(1278510,'Lewis Kirk')
,(1278511,'Leighton Rafferty')
;
INSERT INTO public.mv_actor (id_actor,"name") VALUES 
(27655,'Peter Mair')
,(1220052,'Jack Chissick')
,(1278512,'Dianne Pilkington')
,(1278513,'Robyn North')
,(138158,'Norma Atallah')
,(3568,'Patrick Godfrey')
,(1278517,'Mark Roper')
,(1278518,'Paul Leonard')
,(1278519,'Miles Roughley')
,(1278522,'Cameron Strefford')
;
INSERT INTO public.mv_actor (id_actor,"name") VALUES 
(1278523,'Alfie Davis')
,(1278524,'Joseph West')
,(1278525,'Joel Phillimore')
,(990509,'Jacqueline Dankworth')
,(1278526,'Amelia Jefford')
,(1278527,'Chris Barnes')
,(156356,'Richard Cordery')
,(231673,'Killian Donnelly')
,(1278528,'Fra Fee')
,(1278529,'Gabriel Vick')
;
INSERT INTO public.mv_actor (id_actor,"name") VALUES 
(1256160,'George Blagden')
,(1206337,'Hugh Skinner')
,(1278530,'Stuart Neal')
,(231666,'Alistair Brammer')
,(1278531,'Iwan Lewis')
,(1278532,'Katy Secombe')
,(231674,'Hadley Fraser')
,(1028366,'Linzi Hateley')
,(195415,'Gemma Wardle')
,(231664,'Gina Beck')
;
INSERT INTO public.mv_actor (id_actor,"name") VALUES 
(231677,'Katie Hall')
,(1278535,'Lisa Hull')
,(1172316,'Andrea Deck')
,(1278536,'Jessica Duncan')
,(1159508,'Kerry Ingram')
,(183180,'John Warnaby')
,(1278132,'Mike Sarne')
,(970737,'Freya Parks')
,(19903,'Richard Bremmer')
,(1182570,'Alexander Brooks')
;
INSERT INTO public.mv_actor (id_actor,"name") VALUES 
(1278543,'Eleanor Bruce')
,(1278544,'Emma Dukes')
,(160950,'Stephen Matthews')
,(1278545,'Peter Saracen')
,(1278546,'Sebastian Sykes')
,(1278547,'Phil Zimmerman')
,(1278548,'Bessie Carter')
,(244600,'Helen Cotterill')
,(1278549,'Tricia Deighton')
,(1278550,'Mandy Holliday')
;
INSERT INTO public.mv_actor (id_actor,"name") VALUES 
(1052255,'Charlotte Hope')
,(1278551,'Jackie Marks')
,(231693,'Sara Pelosi')
,(105440,'Mary Roscoe')
,(1278552,'Amelia Scaramucci')
,(209984,'Caroline Sheen')
,(1278553,'Rachael Archer')
,(1278554,'Lorna Brown')
,(1278555,'Antonia Clarke')
,(1278556,'Mary Cormack')
;
INSERT INTO public.mv_actor (id_actor,"name") VALUES 
(1278557,'Sonya Cullingford')
,(1278558,'Holly Dale Spencer')
,(1278559,'Amy Griffiths')
,(1278560,'Fania Grigoriou')
,(1278561,'Amanda Henderson')
,(1278562,'Alexia Khadime')
,(1278563,'Luisa Lazzaro')
,(1278564,'Gemma O''Duffy')
,(1278565,'Rosa O''Reilly')
,(1278566,'Amy Ellen Richardson')
;
INSERT INTO public.mv_actor (id_actor,"name") VALUES 
(1278567,'Olivia Rose-Aaron')
,(1278568,'Robyn Miranda Simpson')
,(1278569,'Rachel Stanley')
,(1278573,'Nancy Sullivan')
,(1278574,'Rebecca Sutherland')
,(1278575,'Tabitha Webb')
,(1278576,'Gerard Bentall')
,(1278577,'Tony Bignell')
,(1278578,'Michael Cahill')
,(1278579,'Richard Colson')
;
INSERT INTO public.mv_actor (id_actor,"name") VALUES 
(223044,'Kerry Ellis')
,(1261131,'Simon Fisher-Becker')
,(195286,'Sarah Flind')
,(1278580,'Kelly-Anne Gower')
,(1266585,'James Greene')
,(206726,'Nick Holder')
,(1278581,'Chris Howell')
,(1028408,'Alison Jiear')
,(1278582,'Terence Keely')
,(87099,'Martin Marquez')
;
INSERT INTO public.mv_actor (id_actor,"name") VALUES 
(192923,'Sally Mates')
,(985962,'Jeff Nicholson')
,(117323,'Adam Searles')
,(1278583,'Simon Shorten')
,(1278584,'Juliet Alderdice')
,(202759,'Sean Buckley')
,(1278585,'Valerie Cutko')
,(1278586,'Spike Grimsey')
,(1278587,'Matt Harrop')
,(1278588,'Georgina Jackson')
;
INSERT INTO public.mv_actor (id_actor,"name") VALUES 
(1222373,'Perry Millward')
,(1278589,'Phil Philmar')
,(1278590,'Joyce Springer')
,(1278591,'Julie Stark')
,(515313,'Dominic Applewhite')
,(1278593,'Matthew Corner')
,(1278594,'Andy Coxon')
,(1278595,'Jonathan Dudley')
,(231686,'Rhidian Marc')
,(1278596,'Chris Milford')
;
INSERT INTO public.mv_actor (id_actor,"name") VALUES 
(231688,'Jamie Muscato')
,(1278597,'Joseph Peters')
,(1151069,'David Roberts')
,(1278601,'Stevee Davies')
,(1278602,'Jonny Purchase')
,(1278604,'Matt Seadon Young')
,(1278605,'Jos Slovick')
,(1278606,'Samuel J. Weir')
,(1278607,'Sophie Huchinson')
,(989411,'Ella Hunt')
;
INSERT INTO public.mv_actor (id_actor,"name") VALUES 
(1278608,'Claire Machin')
,(1278609,'Brenda Moore')
,(1278610,'Mischa Purnell')
,(1278611,'Annette Yeo')
,(1278612,'Josephine Darvill-Mills')
,(1278613,'Jennifer Essex')
,(1278614,'Vicky Evans')
,(1278615,'Edward Lewis French')
,(1278616,'Nigel Garton')
,(1278617,'Lynn Jezzard')
;
INSERT INTO public.mv_actor (id_actor,"name") VALUES 
(1278618,'Nicholas Keegan')
,(1278619,'Steve Kirkham')
,(231680,'Vanessa Lee Hicks')
,(1278620,'Ian Parsons')
,(1278621,'Gemma Payne')
,(1278622,'Clinten Pearce')
,(1278623,'Claire Piquemal')
,(1278624,'Aaron Sillis')
,(1278625,'Ian Waller')
,(1278489,'Jenna Boyd')
;
INSERT INTO public.mv_actor (id_actor,"name") VALUES 
(2232,'Michael Keaton')
,(514,'Jack Nicholson')
,(326,'Kim Basinger')
,(3796,'Michael Gough')
,(3799,'Billy Dee Williams')
,(4040,'Robert Wuhl')
,(3798,'Pat Hingle')
,(3785,'Jack Palance')
,(3800,'Jerry Hall')
,(3801,'Tracey Walter')
;
INSERT INTO public.mv_actor (id_actor,"name") VALUES 
(3802,'Lee Wallace')
,(663,'William Hootkins')
,(79502,'Richard Strange')
,(127166,'Carl Chase')
,(33403,'Mac McDonald')
,(1806344,'George Lane Cooper')
,(1229878,'Terence Plummer')
,(702,'Philip Tan')
,(1231674,'John Sterland')
,(3803,'Edwin Craig')
;
INSERT INTO public.mv_actor (id_actor,"name") VALUES 
(1257821,'Vincent Wong')
,(929078,'Joel Cutrara')
,(1348858,'John Dair')
,(8399,'Christopher Fairbank')
,(2147290,'George Roth')
,(1497048,'Kate Harper')
,(1396234,'Bruce McGuire')
,(120833,'Richard Durden')
,(2147293,'Kit Hollerbach')
,(2147294,'Lachelle Carl')
;
INSERT INTO public.mv_actor (id_actor,"name") VALUES 
(1717052,'Del Baker')
,(1534130,'Jazzer Jeyes')
,(1469954,'Wayne Michaels')
,(1229882,'Valentino Musetti')
,(40740,'Rocky Taylor')
,(2099757,'Keith Edwards')
,(145536,'Leon Herbert')
,(140148,'Steve Plytas')
,(2147295,'Anthony Wellington')
,(231299,'Amir M. Korangy')
;
INSERT INTO public.mv_actor (id_actor,"name") VALUES 
(218373,'Hugo Blick')
,(2147297,'Charles Roskilly')
,(987040,'Philip O''Brien')
,(18763,'Michael Balfour')
,(17356,'Garrick Hagon')
,(1738564,'Liza Ross')
,(2147298,'Adrian Meyers')
,(38651,'David Baxt')
,(2147300,'Sharon Holm')
,(2147301,'Clyde Gatell')
;
INSERT INTO public.mv_actor (id_actor,"name") VALUES 
(2147302,'Jon Soresi')
,(1164393,'Elliott Stein')
,(17072,'Sam Douglas')
,(129452,'Denis Lill')
,(29617,'Paul Birchard')
,(1744217,'Paul Michael')
,(3895,'Michael Caine')
,(3896,'Liam Neeson')
,(3897,'Katie Holmes')
,(64,'Gary Oldman')
;
INSERT INTO public.mv_actor (id_actor,"name") VALUES 
(2037,'Cillian Murphy')
,(192,'Morgan Freeman')
,(207,'Tom Wilkinson')
,(585,'Rutger Hauer')
,(534,'Mark Boone Junior')
,(3899,'Ken Watanabe')
,(3900,'Linus Roache')
,(1172371,'Gus Lewis')
,(78114,'Emma Lockhart')
,(128386,'Colin McFarlane')
;
INSERT INTO public.mv_actor (id_actor,"name") VALUES 
(1695946,'Jay Buozzi')
,(544,'Larry Holden')
,(87194,'Christine Adams')
,(3902,'Sara Stewart')
,(151943,'Gerard Murphy')
,(281527,'Charles Edwards')
,(1469792,'Tim Booth')
,(1118,'Rade Šerbedžija')
,(1362118,'Risteard Cooper')
,(17291,'Andrew Pleavin')
;
INSERT INTO public.mv_actor (id_actor,"name") VALUES 
(10657,'Shane Rimmer')
,(70230,'Jeremy Theobald')
,(489467,'Jack Gleeson')
,(100586,'Jon Foo')
,(29406,'Joey Ansah')
,(25451,'Spencer Wilding')
,(60348,'Dave Legeno')
,(986518,'Khan Bonfils')
,(2075105,'Rodney Ryan')
,(94384,'Dean Alexandrou')
;
INSERT INTO public.mv_actor (id_actor,"name") VALUES 
(1317397,'T.J. Ramini')
,(1695960,'Kieran Hurley')
,(1334124,'Catherine Porter')
,(70225,'John Nolan')
,(79124,'Karen David')
,(1690773,'Jonathan D. Ellis')
,(39660,'Tamer Hassan')
,(559209,'Ronan Leahy')
,(67212,'Tom Wu')
,(1690926,'Mark Chiu')
;
INSERT INTO public.mv_actor (id_actor,"name") VALUES 
(998501,'Turbo Kong')
,(62937,'Sai-Kit Yung')
,(211586,'Chike Chan')
,(1646701,'Jamie Hayden')
,(93211,'David Murray')
,(556445,'Darragh Kelly')
,(1602370,'John Kazek')
,(5415,'Joseph Rye')
,(1691875,'Kwaku Ankomah')
,(1691876,'Jo Martin')
;
INSERT INTO public.mv_actor (id_actor,"name") VALUES 
(28749,'Lucy Russell')
,(1695959,'Mark Straker')
,(1691887,'Timothy Deenihan')
,(1691892,'Flavia Masetto')
,(1691895,'Emily Steven-Daly')
,(146140,'David Bedella')
,(36901,'Martin McDougall')
,(29615,'Noah Lee Margetts')
,(1233819,'Joe Hanley')
,(150578,'Karl Shiels')
;
INSERT INTO public.mv_actor (id_actor,"name") VALUES 
(1225357,'Roger Griffiths')
,(39681,'Stephen Walters')
,(40687,'Richard Laing')
,(27709,'Matt Miller')
,(105159,'Alexandra Bastedo')
,(1226707,'John Judd')
,(1692416,'Soo Hee Ding')
,(1692428,'Phill Curr')
,(1094720,'Sarah Wateridge')
,(1451681,'Charlie Kranz')
;
INSERT INTO public.mv_actor (id_actor,"name") VALUES 
(1111202,'Terry McMahon')
,(156598,'Cedric Young')
,(101658,'Tom Nolan')
,(2974,'Roger Yuan')
,(1695915,'Joe Sargent')
,(1668,'Emmanuel Idowu')
,(1208945,'Mel Taylor')
,(1237293,'Ilyssa Fradin')
,(135259,'Jeff Christian')
,(1691868,'Tenzin Gyurme')
;
INSERT INTO public.mv_actor (id_actor,"name") VALUES 
(1691866,'Tenzin Clive Ball')
,(1583206,'John Burke')
,(1695939,'Earlene Bentley')
,(208838,'Alex Moggridge')
,(1048571,'Rory Campbell')
,(1695948,'Poppy Tierney')
,(1214974,'Mark Rhino Smith')
,(1695954,'Ruben Halse')
,(1695947,'Jordan Shaw')
,(1232679,'Dominic Burgess')
;
INSERT INTO public.mv_actor (id_actor,"name") VALUES 
(1247020,'Nadia Cameron-Blakey')
,(937527,'Jeff Tanner')
,(369256,'Omar Mostafa')
,(1695900,'Leon Delroy Williams')
,(1695949,'Fabio Cardascia')
,(1449198,'Emil Martirossian')
,(81671,'Mark Strange')
,(81687,'Rick Avery')
,(1390394,'James Embree')
,(123796,'Gil Kolirin')
;
INSERT INTO public.mv_actor (id_actor,"name") VALUES 
(1207208,'Jane Osborn')
,(1210410,'Dan Poole')
,(968767,'Philip Harvey')
,(121701,'Russell Wilcox')
,(1207204,'Tommy Gunn')
,(1392726,'Ray Donn')
,(2008160,'Conn Horgan')
,(1100,'Arnold Schwarzenegger')
,(1461,'George Clooney')
,(5577,'Chris O''Donnell')
;
INSERT INTO public.mv_actor (id_actor,"name") VALUES 
(139,'Uma Thurman')
,(5588,'Alicia Silverstone')
,(5589,'John Glover')
,(5590,'Elle Macpherson')
,(2535,'Vivica A. Fox')
,(1233092,'Vendela Kirsebom')
,(5579,'Elizabeth Sanders')
,(66813,'Jeep Swenson')
,(174037,'Michael Reid MacKay')
,(27564,'Eric Lloyd')
;
INSERT INTO public.mv_actor (id_actor,"name") VALUES 
(853194,'Patrick Leahy')
,(1104,'Jesse Ventura')
,(942,'Ralf Moeller')
,(35549,'Coolio')
,(951643,'Tobias Jelinek')
,(17444,'Corey Haim')
,(518,'Danny DeVito')
,(1160,'Michelle Pfeiffer')
,(4690,'Christopher Walken')
,(4776,'Michael Murphy')
;
INSERT INTO public.mv_actor (id_actor,"name") VALUES 
(5130,'Cristi Conaway')
,(52366,'Andrew Bryniarski')
,(3418,'Vincent Schiavelli')
,(152864,'Steve Witting')
,(129332,'Jan Hooks')
,(1961854,'John Strong')
,(33011,'Rick Zumwalt')
,(27570,'Anna Katarina')
,(44178,'Gregory Scott Cummins')
,(1961856,'Erika Andersch')
;
INSERT INTO public.mv_actor (id_actor,"name") VALUES 
(106359,'Travis McKenna')
,(17005,'Doug Jones')
,(106730,'Branscombe Richmond')
,(5129,'Paul Reubens')
,(5131,'Diane Salinger')
,(4596,'Stuart Lancaster')
,(1961857,'Cal Hoffman')
,(1961858,'Joan Jurige')
,(1961859,'Rosie O''Connor')
,(9996,'Sean Whalen')
;
INSERT INTO public.mv_actor (id_actor,"name") VALUES 
(1961862,'Erik Onate')
,(583419,'Joey DePinto')
,(32593,'Steven Brill')
,(1363197,'Neal Lerner')
,(1373954,'Ashley Tillman')
,(1961863,'Joan Giammarco')
,(1961864,'Frank DiElsi')
,(1916,'Biff Yeager')
,(15251,'Robert Gossett')
,(1683090,'Adam Drescher')
;
INSERT INTO public.mv_actor (id_actor,"name") VALUES 
(81414,'Bobby Bell')
,(1195601,'Niki Botelho')
,(81417,'Susan Rossitto')
,(1961865,'Margarita Farrell')
,(1961866,'Denise Killpack')
,(33853,'Felix Silla')
,(19753,'Debbie Lee Carrington')
,(52903,'Anthony De Longis')
,(1171101,'Desi Singh')
,(1280991,'Darla')
;
INSERT INTO public.mv_actor (id_actor,"name") VALUES 
(5576,'Val Kilmer')
,(2176,'Tommy Lee Jones')
,(206,'Jim Carrey')
,(2227,'Nicole Kidman')
,(69597,'Drew Barrymore')
,(5578,'Debi Mazar')
,(9807,'René Auberjonois')
,(4887,'Joe Grifasi')
,(1235,'Philip Moon')
,(156689,'Jessica Tuck')
;
INSERT INTO public.mv_actor (id_actor,"name") VALUES 
(162556,'Dennis Paladino')
,(106745,'Don Wilson')
,(1984,'Kimberly Scott')
,(154152,'Eileen Seeley')
,(17355,'Michael Paul Chan')
,(15277,'Jon Favreau')
,(25336,'Bob Zmuda')
,(105173,'Rebecca Budig')
,(1231239,'Ria Coyne')
,(1961605,'Ramsey Ellis')
;
INSERT INTO public.mv_actor (id_actor,"name") VALUES 
(2254480,'Noby Arden')
,(2308829,'Maxine Jones')
,(1213361,'Terry Ellis')
,(1212699,'Cindy Herron')
,(51321,'Dawn Robinson')
,(42157,'Ed Begley Jr.')
,(3337,'Vince Edwards')
,(34119,'Lyle Talbot')
,(78793,'John Archer')
,(83915,'Steven Ritch')
;
INSERT INTO public.mv_actor (id_actor,"name") VALUES 
(100794,'Patricia Blair')
,(81735,'Kelly Thordsen')
,(83913,'Joseph Mell')
,(119217,'Sherwood Price')
,(16090,'Kathie Browne')
,(19328,'Dick Powell')
,(10159,'Jane Greer')
,(11025,'Agnes Moorehead')
,(2753,'Burl Ives')
,(14978,'Tom Powers')
;
INSERT INTO public.mv_actor (id_actor,"name") VALUES 
(34180,'Gordon Oliver')
,(10162,'Steve Brodie')
,(95276,'Guinn Williams')
,(7685,'Raymond Burr')
,(22093,'Regis Toomey')
,(117452,'Michael Steele')
,(34209,'Olin Howland')
,(93626,'John Berkes')
,(94897,'Dan White')
,(78305,'John Kellogg')
;
INSERT INTO public.mv_actor (id_actor,"name") VALUES 
(30017,'Charles Middleton')
,(34130,'John Doucette')
,(1607026,'Suzi Crandall')
,(1229,'Jeff Bridges')
,(1230,'John Goodman')
,(884,'Steve Buscemi')
,(1231,'Julianne Moore')
,(1233,'Philip Seymour Hoffman')
,(1232,'David Huddleston')
,(1241,'John Turturro')
;
INSERT INTO public.mv_actor (id_actor,"name") VALUES 
(1234,'Tara Reid')
,(16431,'Sam Elliott')
,(856,'Ben Gazzara')
,(53,'Peter Stormare')
,(1238,'Torsten Voges')
,(1237,'Flea')
,(4771,'Aimee Mann')
,(1236,'Mark Pellegrino')
,(1239,'Jimmie Dale Gilmore')
,(1240,'Jack Kehler')
;
INSERT INTO public.mv_actor (id_actor,"name") VALUES 
(1242,'James G. Hoosier')
,(11207,'David Thewlis')
,(4253,'Jon Polito')
,(58565,'Carlos Leon')
,(16662,'Richard Gant')
,(41517,'Christian Clemenson')
,(60275,'Dom Irrera')
,(1433893,'Lu Elrod')
,(162235,'Mike Gomez')
,(154693,'Peter Siragusa')
;
INSERT INTO public.mv_actor (id_actor,"name") VALUES 
(116907,'Marshall Manesh')
,(4510,'Harry Bugin')
,(6329,'Irene Olga López')
,(66210,'Luis Colina')
,(169920,'Leon Russom')
,(1325966,'Ajgie Kirkland')
,(1000228,'Jerry Haleva')
,(1559637,'Jennifer Lamb')
,(1667649,'Jesse Flanagan')
,(177164,'Wendy Braun')
;
INSERT INTO public.mv_actor (id_actor,"name") VALUES 
(132232,'Asia Carrera')
,(154207,'Kiva Dawson')
,(5292,'Denzel Washington')
,(1896,'Don Cheadle')
,(21089,'Bruce Greenwood')
,(17521,'Kelly Reilly')
,(49271,'Brian Geraghty')
,(65196,'Nadine Velázquez')
,(42694,'Tamara Tunie')
,(6832,'Melissa Leo')
;
INSERT INTO public.mv_actor (id_actor,"name") VALUES 
(31647,'Garcelle Beauvais')
,(208956,'Justin Martin')
,(1986,'Peter Gerety')
,(18473,'James Badge Dale')
,(146025,'Sharon Blackwood')
,(1201512,'Carter Cabassa')
,(1705792,'John Crow')
,(1371098,'Dane Davenport')
,(1220147,'Piers Morgan')
,(133212,'Ryan Kwanten')
;
INSERT INTO public.mv_actor (id_actor,"name") VALUES 
(20189,'Amy Smart')
,(57451,'Leslie Bibb')
,(78324,'Jamie Chung')
,(21318,'Scout Taylor-Compton')
,(212833,'Nicky Whelan')
,(98953,'Jerry Ferrara')
,(84224,'Christian Serratos')
,(19195,'Alex Frost')
,(1369055,'Rick Kelly')
,(51670,'Johnathon Schaech')
;
INSERT INTO public.mv_actor (id_actor,"name") VALUES 
(1099724,'Ben Sharples')
,(937232,'Leni Ito')
,(105832,'Aja Evans')
,(53258,'David Banner')
,(94124,'Ryan Higa')
,(79396,'David Chisum')
,(24048,'Jeffrey Nordling')
,(43458,'Brennan Elliott')
,(59185,'Kendall Cross')
,(42711,'Ty Olsson')
;
INSERT INTO public.mv_actor (id_actor,"name") VALUES 
(1435163,'Monnae Michaell')
,(1369339,'Asim Wali')
,(106979,'Anthony Harrison')
,(77328,'Bruce Dickinson')
,(84096,'Steve Harris')
,(84094,'Nicko McBrain')
,(84095,'Dave Murray')
,(84099,'Adrian Smith')
,(84101,'Janick Gers')
,(22304,'Ronnie James Dio')
;
INSERT INTO public.mv_actor (id_actor,"name") VALUES 
(69230,'Lars Ulrich')
,(6065,'Dennis Quaid')
,(8169,'Tyrese Gibson')
,(1771,'Giovanni Ribisi')
,(502,'Miranda Otto')
,(41419,'Hugh Laurie')
,(49623,'Jared Padalecki')
,(86462,'Sticky Fingaz')
,(16429,'Jacob Vargas')
,(65728,'Scott Michael Campbell')
;
INSERT INTO public.mv_actor (id_actor,"name") VALUES 
(743,'Kevork Malikyan')
,(1047709,'Paul Ditchfield')
,(1047710,'Martin Hindy')
,(146352,'Bob Brown')
,(930817,'Anthony Brandon Wong')
,(27105,'Ed Helms')
,(58225,'Zach Galifianakis')
,(21180,'Justin Bartha')
,(83586,'Ken Jeong')
,(13242,'Paul Giamatti')
;
INSERT INTO public.mv_actor (id_actor,"name") VALUES 
(80757,'Mike Tyson')
,(4175,'Jeffrey Tambor')
,(543138,'Mason Lee')
,(83585,'Sasha Barrese')
,(61182,'Gillian Vigman')
,(543139,'Aroon Seeboonruang')
,(116421,'Nirut Sirichanya')
,(543140,'Yasmin Lee')
,(11151,'Nick Cassavetes')
,(153621,'Sondra Currie')
;
INSERT INTO public.mv_actor (id_actor,"name") VALUES 
(78320,'Bryan Callen')
,(142373,'Brody Stevens')
,(1716,'Michael Berry Jr.')
,(67206,'Andrew Howard')
,(1256326,'Penpak Sirikul')
,(1358973,'Manel Soler')
,(57130,'Todd Phillips')
,(69122,'Heather Graham')
,(46074,'Rachael Harris')
,(51944,'Mike Epps')
;
INSERT INTO public.mv_actor (id_actor,"name") VALUES 
(55275,'Jernard Burks')
,(71403,'Rob Riggle')
,(7574,'Cleo King')
,(59841,'Matt Walsh')
,(123813,'Ian Anthony Dale')
,(1265844,'Michael Li')
,(142375,'Nathalie Fay')
,(52654,'Chuck Pacheco')
,(98397,'Jesse Erwin')
,(151121,'Dan Finnerty')
;
INSERT INTO public.mv_actor (id_actor,"name") VALUES 
(1265845,'Keith Lyle')
,(558036,'Mike Vallely')
,(162849,'James Martin Kelly')
,(981814,'Murray Gershenz')
,(208524,'Andrew Astor')
,(54721,'Casey Margolis')
,(1265846,'Ken Flaherty')
,(1265847,'Joe Alexander')
,(1265848,'Constance Broge')
,(1265849,'Sue Pierce')
;
INSERT INTO public.mv_actor (id_actor,"name") VALUES 
(58927,'Floyd Levine')
,(1265850,'Robert A. Ringler')
,(1265851,'Britt Barrett')
,(62818,'Chauntae Davies')
,(1265852,'Alisa Allapach')
,(1120016,'Nicholas Furu')
,(1265853,'Angelica Flameno')
,(1265854,'Lily Winn')
,(1265855,'Katerina Moutsatsou')
,(175174,'Faleolo Alailima')
;
INSERT INTO public.mv_actor (id_actor,"name") VALUES 
(66650,'Rio Ahn')
,(567226,'John Jason Bailey')
,(1265857,'Guile Branco')
,(208952,'Joey Brander')
,(1265859,'Kaitlin Clark')
,(221942,'Natalie Cohen')
,(240945,'Cody Deal')
,(1017323,'Lanette Fugit')
,(1265861,'Charlene Geisler')
,(128971,'David Hill')
;
INSERT INTO public.mv_actor (id_actor,"name") VALUES 
(1214803,'Mitch Holleman')
,(970104,'Carrie Keagan')
,(1265869,'Stephanie Mathis')
,(1265870,'Anthony Mingilino')
,(984422,'Richard Reid')
,(1265876,'Michael A. Rizza')
,(1172720,'Heather Roop')
,(123476,'Joe Satriani')
,(139202,'Jessica Simons')
,(1063037,'Tom Spano')
;
INSERT INTO public.mv_actor (id_actor,"name") VALUES 
(96010,'Scott "Carrot Top" Thompson')
,(1265878,'Jaira Valenti')
,(1219668,'Victor Yerrid')
,(1574241,'Anat Gerber')
,(55536,'Melissa McCarthy')
,(225694,'Oliver Cooper')
,(1208438,'Grant Holmquist')
,(145219,'Oscar Torre')
,(1300910,'Billy Choi')
,(1323612,'Jonny Coyne')
;
INSERT INTO public.mv_actor (id_actor,"name") VALUES 
(945426,'Silvia Curiel')
,(165827,'Jim Lau')
,(203781,'Lela Loren')
,(1573585,'Harrison Forsyth')
,(1573587,'Roger Schueller')
,(1573586,'Jenny Ladner')
,(108699,'Scott Anthony Leet')
,(37010,'Tim Sitarz')
,(1310385,'Danny Le Boyer')
,(150194,'Damion Poitier')
;
INSERT INTO public.mv_actor (id_actor,"name") VALUES 
(1368206,'Tiffany Tynes')
,(571249,'Betty Murphy')
,(11108,'Simon Pegg')
,(11109,'Nick Frost')
,(14887,'Paddy Considine')
,(7060,'Martin Freeman')
,(1665,'Eddie Marsan')
,(10882,'Rosamund Pike')
,(517,'Pierce Brosnan')
,(11180,'David Bradley')
;
INSERT INTO public.mv_actor (id_actor,"name") VALUES 
(17123,'Darren Boyd')
,(17078,'Michael Smiley')
,(110076,'Nicholas Burns')
,(47712,'Mark Heap')
,(219367,'Steve Oram')
,(34551,'Reece Shearsmith')
,(2440,'Bill Nighy')
,(969561,'Thomas Law')
,(1200850,'Zachary Bailess')
,(1200851,'Jasper Levine')
;
INSERT INTO public.mv_actor (id_actor,"name") VALUES 
(1200852,'James Tarpey')
,(206155,'Luke Bromley')
,(1200853,'Sophie Evans')
,(1200854,'Samantha White')
,(1200855,'Rose Reynolds')
,(1200856,'Richard Hadfield')
,(1200857,'Flora Slorach')
,(1200858,'Francesca Reidie')
,(1200859,'Charlotte Reidie')
,(1278121,'Alex Austin')
;
INSERT INTO public.mv_actor (id_actor,"name") VALUES 
(28477,'Jonathan Aris')
,(1278122,'Jenny Bede')
,(1278123,'Angie Wallis')
,(1278124,'Paul Bentall')
,(26863,'Richard Graham')
,(182327,'Alice Lowe')
,(28847,'Rafe Spall')
,(1278125,'Leo Thompson')
,(137471,'Julia Deakin')
,(237162,'Greg Townley')
;
INSERT INTO public.mv_actor (id_actor,"name") VALUES 
(1278127,'Sebastian Zaniesienko')
,(1278128,'Luke Scott')
,(1278129,'Tyler Dobbs')
,(1278130,'Samuel Mak')
,(951891,'Teddy Kempner')
,(206847,'Mark Kempner')
,(1278131,'Paul Kennington')
,(1278134,'Kelly Franklin')
,(1278135,'Stacey Franklin')
,(1278136,'James Granstrom')
;
INSERT INTO public.mv_actor (id_actor,"name") VALUES 
(1278137,'Gabe Cronnelly')
,(117550,'Patricia Franklin')
,(40478,'Ricky Champ')
,(91662,'Ken Bones')
,(11090,'Edgar Wright')
,(2888,'Will Smith')
,(6885,'Charlize Theron')
,(23532,'Jason Bateman')
,(66658,'Jae Head')
,(66634,'David Mattey')
;
INSERT INTO public.mv_actor (id_actor,"name") VALUES 
(539,'Thomas Lennon')
,(16478,'Johnny Galecki')
,(66623,'Hayley Marie Norman')
,(61835,'Trieu Tran')
,(49921,'Darrell Foster')
,(66659,'Ryan Radis')
,(21317,'Daeg Faerch')
,(18300,'Eddie J. Fernandez')
,(4030,'Martin Klebba')
,(66681,'Matt Bettinelli-Olpin')
;
INSERT INTO public.mv_actor (id_actor,"name") VALUES 
(66666,'Samantha Cannon')
,(66683,'Rico Devereaux')
,(66669,'Brandon Ford Green')
,(66630,'Alexa Havins')
,(66685,'Edward M. Kelahan')
,(66664,'Algerita Wynn Lewis')
,(66680,'Rick Mali')
,(66671,'Chris Mitchell')
,(66667,'Scott Michael Morgan')
,(66663,'Bryan Keith Ponton')
;
INSERT INTO public.mv_actor (id_actor,"name") VALUES 
(66686,'Dawn Ressy')
,(66687,'Nicholas Rich')
,(66660,'Mark Simich')
,(1514160,'Nancy Grace')
,(60677,'Brad Leland')
,(638,'Michael Mann')
,(66646,'Atticus Shaffer')
,(36602,'Peter Berg')
,(15193,'Herbie Hancock')
,(982,'Sting')
;
INSERT INTO public.mv_actor (id_actor,"name") VALUES 
(74042,'Annie Lennox')
,(115088,'Jonny Lang')
,(25442,'Joss Stone')
,(94932,'Trey Anastasio')
,(115089,'Carlos Santana')
,(53397,'Christina Aguilera')
,(85930,'John Mayer')
,(25136,'Ken Stott')
,(76944,'Maxine Peake')
,(39187,'Olivia Colman')
;
INSERT INTO public.mv_actor (id_actor,"name") VALUES 
(15739,'Alex Jennings')
,(82712,'George Costigan')
,(174727,'Lesley Nicol')
,(482444,'Gareth Tunley')
,(173668,'Peter Sullivan')
,(137472,'David Schaal')
,(190516,'June Watson')
,(62970,'Geoffrey McGivern')
,(8947,'Tom Georgeson')
,(36422,'Luke Wilson')
;
INSERT INTO public.mv_actor (id_actor,"name") VALUES 
(52792,'Maya Rudolph')
,(51298,'Dax Shepard')
,(53256,'Terry Crews')
,(52793,'Anthony ''Citric'' Campos')
,(52794,'David Herman')
,(52795,'Sonny Castillo')
,(52796,'Kevin McAfee')
,(52797,'Robert Musgrave')
,(182680,'Michael McCafferty')
,(52798,'Christopher Ryan')
;
INSERT INTO public.mv_actor (id_actor,"name") VALUES 
(15033,'Justin Long')
,(2533354,'Heath Jones')
,(52800,'Eli Muñoz')
,(52801,'Patrick Fischler')
,(21005,'Darlene Hunt')
,(52802,'Ryan Ransdell')
,(1375020,'Melissa Sweet')
,(1375021,'Valerie Posas')
,(1375022,'Wes Davis')
,(71555,'Andrew Wilson')
;
INSERT INTO public.mv_actor (id_actor,"name") VALUES 
(1375023,'Mark Tuner')
,(1375024,'Kevin Klee')
,(1375025,'John Dodson')
,(1375026,'Melissa Espinales')
,(1375027,'Joseph Cheatham')
,(1375028,'Jason Schaefer')
,(1375029,'Richard Reeder')
,(1375030,'Lawrence Castillo')
,(157534,'Turk Pipkin')
,(71565,'Heather Kafka')
;
INSERT INTO public.mv_actor (id_actor,"name") VALUES 
(1375031,'Christopher M. Campos')
,(1375032,'Roman Ramos')
,(215887,'Randal Reeder')
,(1087617,'Scarface')
,(94983,'Brendan Hill')
,(19159,'Thomas Haden Church')
,(1375033,'Melissa Dawn')
,(1375034,'Derek Southers')
,(180527,'Lidia Porto')
,(1375035,'Gregory Kelly')
;
INSERT INTO public.mv_actor (id_actor,"name") VALUES 
(84816,'Greg Pitts')
,(1375036,'Jason Konopisos')
,(32238,'Mitch Baker')
,(1375037,'Daniel Smith')
,(139235,'Chris Warner')
,(1375038,'Lonnie Nelson')
,(1375039,'Danny Cochran')
,(1375040,'Marcos Martinez Rios')
,(1375041,'Earl Mann')
,(10131,'Sara Rue')
;
INSERT INTO public.mv_actor (id_actor,"name") VALUES 
(589305,'Evan Miller')
,(53131,'Heath Allyn')
,(1741967,'Erik Anderson')
,(1840842,'Jason Bohn')
,(63304,'Glori Renee Euwer')
,(1883093,'Evelyn Hurley')
,(1777738,'Kristoffer Kjornes')
,(1129793,'Max Kruemcke')
,(1744994,'T.J. McFarland')
,(1584117,'Jesse Medeles')
;
INSERT INTO public.mv_actor (id_actor,"name") VALUES 
(1760588,'James Moreno')
,(1998784,'Dan Murphy')
,(2004965,'Steve Powers')
,(17401,'Stephen Root')
,(1471938,'Lainie Safady')
,(1507453,'Ava Knighten Santana')
,(1323531,'Kati Sharp')
,(2004971,'Michael Sorrells')
,(131427,'Gary Teague')
,(2004977,'Curtis Wayne')
;
INSERT INTO public.mv_actor (id_actor,"name") VALUES 
(499719,'Caitlin Wehrle')
,(1819759,'Heath Young')
,(5958,'Hilary Duff')
,(53929,'Haylie Duff')
,(2051,'María Conchita Alonso')
,(5657,'Anjelica Huston')
,(526,'Lukas Haas')
,(63731,'Marcus Coloma')
,(52057,'Obba Babatundé')
,(63733,'Henry Cho')
;
INSERT INTO public.mv_actor (id_actor,"name") VALUES 
(63732,'Ty Hodges')
,(63735,'Misti Traya')
,(63734,'Reagan Dale Neis')
,(13023,'Colleen Camp')
,(63736,'Christina R. Copeland')
,(63737,'Dennis Lee Kelly')
,(63739,'Judy Tenuta')
,(63738,'Brandon Beemer')
,(41505,'Faith Prince')
,(63741,'Damian d''Entremont')
;
INSERT INTO public.mv_actor (id_actor,"name") VALUES 
(59846,'Joanne Baron')
,(109858,'Kayla Ewell')
,(1213786,'Brent Spiner')
,(77948,'Selena Gomez')
,(67599,'Vanessa Hudgens')
,(78030,'Ashley Benson')
,(79504,'Rachel Korine')
,(17051,'James Franco')
,(224228,'Gucci Mane')
,(221606,'Heather Morris')
;
INSERT INTO public.mv_actor (id_actor,"name") VALUES 
(1194368,'Ash Lendzion')
,(1075505,'Emma Holzer')
,(2107719,'Lee Irby')
,(1076694,'Jeff Jarrett')
,(2107722,'Russell Curry')
,(1635146,'Sidney Sewell')
,(1635134,'Thurman Sewell')
,(1252496,'Cara Theobold')
,(1197058,'Emily Atack')
,(93979,'Algina Lipskis')
;
INSERT INTO public.mv_actor (id_actor,"name") VALUES 
(1656814,'Jordan Coulson')
,(1656815,'Homer Todiwala')
,(1656816,'Ed Kear')
,(23776,'Matt King')
,(1080625,'Marcia Do Vales')
,(224364,'Matt Kennard')
,(1652634,'Alex Felton')
,(1656817,'Michael Wagg')
,(1492950,'Alex Zane')
,(1229233,'Chris Simmons')
;
INSERT INTO public.mv_actor (id_actor,"name") VALUES 
(1406822,'Thomas Worthington')
,(1170517,'Seb Castang')
,(1355559,'Jesús Andes')
,(1355560,'Paula Serrano')
;

-- INSERT Relation Actor / Movie
INSERT INTO public.mv_actor_movies (movies_id_imdb,actors_id_actor) VALUES 
('tt0093409',2461)
,('tt0093409',2047)
,('tt0093409',2048)
,('tt0093409',11784)
,('tt0093409',14313)
,('tt0093409',14314)
,('tt0093409',14316)
,('tt0093409',14317)
,('tt0093409',14319)
,('tt0093409',8658)
;
INSERT INTO public.mv_actor_movies (movies_id_imdb,actors_id_actor) VALUES 
('tt0093409',14062)
,('tt0093409',23967)
,('tt0093409',14328)
,('tt0093409',61704)
,('tt0093409',14312)
,('tt0093409',14320)
,('tt0093409',14315)
,('tt0093409',14318)
,('tt0093409',194553)
,('tt0078907',21177)
;
INSERT INTO public.mv_actor_movies (movies_id_imdb,actors_id_actor) VALUES 
('tt0078907',64913)
,('tt0078907',21175)
,('tt0078907',35137)
,('tt0078907',28781)
,('tt0078907',21171)
,('tt0078907',1972)
,('tt0078907',82792)
,('tt0078907',68722)
,('tt0078907',297999)
,('tt0078907',35210)
;
INSERT INTO public.mv_actor_movies (movies_id_imdb,actors_id_actor) VALUES 
('tt0078907',1828503)
,('tt0078907',1289993)
,('tt0078907',38404)
,('tt0078907',225653)
,('tt0078907',1350238)
,('tt0078907',25035)
,('tt0078907',1662202)
,('tt0078907',100721)
,('tt3896198',73457)
,('tt3896198',8691)
;
INSERT INTO public.mv_actor_movies (movies_id_imdb,actors_id_actor) VALUES 
('tt3896198',543530)
,('tt3896198',12835)
,('tt3896198',51329)
,('tt3896198',12132)
,('tt3896198',543261)
,('tt3896198',139820)
,('tt3896198',16483)
,('tt3896198',6856)
,('tt3896198',1133349)
,('tt3896198',1293892)
;
INSERT INTO public.mv_actor_movies (movies_id_imdb,actors_id_actor) VALUES 
('tt3896198',51663)
,('tt3896198',2478)
,('tt3896198',209578)
,('tt3896198',77337)
,('tt3896198',1806596)
,('tt3896198',1313075)
,('tt3896198',26048)
,('tt3896198',142298)
,('tt3896198',1494146)
,('tt3896198',333)
;
INSERT INTO public.mv_actor_movies (movies_id_imdb,actors_id_actor) VALUES 
('tt3896198',85115)
,('tt3896198',1411625)
,('tt3896198',1435789)
,('tt3896198',85096)
,('tt3896198',559457)
,('tt3896198',1806597)
,('tt3896198',105657)
,('tt3896198',16848)
,('tt3896198',1806598)
,('tt3896198',1772601)
;
INSERT INTO public.mv_actor_movies (movies_id_imdb,actors_id_actor) VALUES 
('tt3896198',1404450)
,('tt3896198',13922)
,('tt3896198',96349)
,('tt3896198',19975)
,('tt3896198',51456)
,('tt3896198',7624)
,('tt3896198',28238)
,('tt3896198',1806599)
,('tt3896198',1806600)
,('tt3896198',1806601)
;
INSERT INTO public.mv_actor_movies (movies_id_imdb,actors_id_actor) VALUES 
('tt3896198',1718567)
,('tt3896198',1148455)
,('tt3896198',2518)
,('tt3896198',1635208)
,('tt3896198',10182)
,('tt3896198',1620)
,('tt3896198',1405553)
,('tt3896198',76594)
,('tt3896198',4785)
,('tt3896198',229508)
;
INSERT INTO public.mv_actor_movies (movies_id_imdb,actors_id_actor) VALUES 
('tt3896198',1769802)
,('tt3896198',1806602)
,('tt3896198',1482685)
,('tt3896198',1358965)
,('tt3896198',1767219)
,('tt3896198',1806603)
,('tt3896198',1082706)
,('tt3896198',1873278)
,('tt3896198',1812367)
,('tt3896198',1578275)
;
INSERT INTO public.mv_actor_movies (movies_id_imdb,actors_id_actor) VALUES 
('tt3896198',1688645)
,('tt0114814',9045)
,('tt0114814',1979)
,('tt0114814',5168)
,('tt0114814',9046)
,('tt0114814',7166)
,('tt0114814',4935)
,('tt0114814',2179)
,('tt0114814',4808)
,('tt0114814',1121)
;
INSERT INTO public.mv_actor_movies (movies_id_imdb,actors_id_actor) VALUES 
('tt0114814',6486)
,('tt0114814',101377)
,('tt0114814',56166)
,('tt0114814',9047)
,('tt0114814',9048)
,('tt0114814',156227)
,('tt0114814',3218)
,('tt0114814',1216752)
,('tt0114814',1235937)
,('tt0114814',11803)
;
INSERT INTO public.mv_actor_movies (movies_id_imdb,actors_id_actor) VALUES 
('tt0114814',3979)
,('tt0800369',74568)
,('tt0800369',524)
,('tt0800369',91606)
,('tt0800369',4173)
,('tt0800369',1640)
,('tt0800369',52852)
,('tt0800369',9048)
,('tt0800369',10132)
,('tt0800369',17605)
;
INSERT INTO public.mv_actor_movies (movies_id_imdb,actors_id_actor) VALUES 
('tt0800369',56614)
,('tt0800369',13275)
,('tt0800369',77880)
,('tt0800369',59817)
,('tt0800369',14343)
,('tt0800369',270)
,('tt0800369',1018947)
,('tt0800369',12371)
,('tt0800369',125050)
,('tt0800369',78150)
;
INSERT INTO public.mv_actor_movies (movies_id_imdb,actors_id_actor) VALUES 
('tt0800369',1579743)
,('tt0800369',58508)
,('tt0800369',169653)
,('tt0800369',1912180)
,('tt0800369',1056049)
,('tt0800369',963745)
,('tt0800369',1147968)
,('tt0800369',79079)
,('tt0800369',25310)
,('tt0800369',84341)
;
INSERT INTO public.mv_actor_movies (movies_id_imdb,actors_id_actor) VALUES 
('tt0800369',9568)
,('tt0800369',1536517)
,('tt0800369',33045)
,('tt0800369',1912182)
,('tt0800369',15282)
,('tt0800369',7624)
,('tt0800369',12223)
,('tt0800369',1884648)
,('tt0800369',1194993)
,('tt0800369',109422)
;
INSERT INTO public.mv_actor_movies (movies_id_imdb,actors_id_actor) VALUES 
('tt0800369',1158068)
,('tt0800369',1212271)
,('tt0800369',1266788)
,('tt0800369',1077059)
,('tt0800369',141185)
,('tt0800369',1222494)
,('tt0800369',1396824)
,('tt0800369',1912186)
,('tt0800369',234479)
,('tt0800369',1332974)
;
INSERT INTO public.mv_actor_movies (movies_id_imdb,actors_id_actor) VALUES 
('tt0800369',51301)
,('tt0800369',17604)
,('tt0800369',2231)
,('tt0125439',1204)
,('tt0125439',3291)
,('tt0125439',18022)
,('tt0125439',41043)
,('tt0125439',7026)
,('tt0125439',7446)
,('tt0125439',19923)
;
INSERT INTO public.mv_actor_movies (movies_id_imdb,actors_id_actor) VALUES 
('tt0125439',7025)
,('tt0125439',7027)
,('tt0125439',7028)
,('tt0125439',7029)
,('tt0125439',7030)
,('tt0125439',7031)
,('tt0125439',7032)
,('tt0125439',7447)
,('tt0125439',940)
,('tt0125439',1246)
;
INSERT INTO public.mv_actor_movies (movies_id_imdb,actors_id_actor) VALUES 
('tt0125439',1221067)
,('tt0125439',145997)
,('tt0125439',75074)
,('tt0125439',11617)
,('tt0125439',61011)
,('tt0125439',172191)
,('tt0125439',54447)
,('tt0125439',103033)
,('tt0125439',4001)
,('tt0125439',86480)
;
INSERT INTO public.mv_actor_movies (movies_id_imdb,actors_id_actor) VALUES 
('tt0125439',41379)
,('tt0125439',8654)
,('tt0125439',163570)
,('tt0125439',1542627)
,('tt0125439',150541)
,('tt0125439',1231968)
,('tt0125439',9144)
,('tt0125439',1184928)
,('tt0082100',1958)
,('tt0082100',1959)
;
INSERT INTO public.mv_actor_movies (movies_id_imdb,actors_id_actor) VALUES 
('tt0082100',1957)
,('tt0082100',1969)
,('tt0082100',1972)
,('tt0082100',1973)
,('tt0082100',1960)
,('tt0082100',1970)
,('tt0082100',2193)
,('tt0082100',1974)
,('tt0082100',1977)
,('tt0082100',20800)
;
INSERT INTO public.mv_actor_movies (movies_id_imdb,actors_id_actor) VALUES 
('tt0082100',15185)
,('tt0082100',19647)
,('tt0082100',1976)
,('tt0082100',1975)
,('tt0083686',1958)
,('tt0083686',1959)
,('tt0083686',1957)
,('tt0083686',1969)
,('tt0083686',2086)
,('tt0083686',2192)
;
INSERT INTO public.mv_actor_movies (movies_id_imdb,actors_id_actor) VALUES 
('tt0083686',1960)
,('tt0083686',1970)
,('tt0083686',2193)
,('tt0083686',2194)
,('tt0083686',2195)
,('tt0083686',2196)
,('tt0083686',2197)
,('tt0083686',19161)
,('tt0083686',54675)
,('tt0083686',1756538)
;
INSERT INTO public.mv_actor_movies (movies_id_imdb,actors_id_actor) VALUES 
('tt0083686',28792)
,('tt0083686',680956)
,('tt0083686',19647)
,('tt0083686',26889)
,('tt0083686',543136)
,('tt0083686',589127)
,('tt0083686',24884)
,('tt0083686',1706087)
,('tt0083686',1178356)
,('tt0083686',1385862)
;
INSERT INTO public.mv_actor_movies (movies_id_imdb,actors_id_actor) VALUES 
('tt0372784',3894)
,('tt0372784',3895)
,('tt0372784',3896)
,('tt0372784',3897)
,('tt0372784',64)
,('tt0372784',2037)
,('tt0372784',192)
,('tt0372784',207)
,('tt0372784',585)
,('tt0372784',534)
;
INSERT INTO public.mv_actor_movies (movies_id_imdb,actors_id_actor) VALUES 
('tt0372784',3899)
,('tt0372784',3900)
,('tt0372784',1172371)
,('tt0372784',78114)
,('tt0372784',128386)
,('tt0372784',1695946)
,('tt0372784',544)
,('tt0372784',87194)
,('tt0372784',1257821)
,('tt0372784',3902)
;
INSERT INTO public.mv_actor_movies (movies_id_imdb,actors_id_actor) VALUES 
('tt0372784',3901)
,('tt0372784',151943)
,('tt0372784',281527)
,('tt0372784',1469792)
,('tt0372784',1118)
,('tt0372784',1362118)
,('tt0372784',17291)
,('tt0372784',10657)
,('tt0372784',70230)
,('tt0372784',489467)
;
INSERT INTO public.mv_actor_movies (movies_id_imdb,actors_id_actor) VALUES 
('tt0372784',100586)
,('tt0372784',29406)
,('tt0372784',25451)
,('tt0372784',60348)
,('tt0372784',986518)
,('tt0372784',2075105)
,('tt0372784',94384)
,('tt0372784',1317397)
,('tt0372784',1695960)
,('tt0372784',1334124)
;
INSERT INTO public.mv_actor_movies (movies_id_imdb,actors_id_actor) VALUES 
('tt0372784',70225)
,('tt0372784',79124)
,('tt0372784',1690773)
,('tt0372784',39660)
,('tt0372784',559209)
,('tt0372784',67212)
,('tt0372784',1690926)
,('tt0372784',998501)
,('tt0372784',62937)
,('tt0372784',211586)
;
INSERT INTO public.mv_actor_movies (movies_id_imdb,actors_id_actor) VALUES 
('tt0372784',1646701)
,('tt0372784',93211)
,('tt0372784',556445)
,('tt0372784',1602370)
,('tt0372784',5415)
,('tt0372784',1691875)
,('tt0372784',1691876)
,('tt0372784',28749)
,('tt0372784',1695959)
,('tt0372784',1691887)
;
INSERT INTO public.mv_actor_movies (movies_id_imdb,actors_id_actor) VALUES 
('tt0372784',1691892)
,('tt0372784',1691895)
,('tt0372784',146140)
,('tt0372784',36901)
,('tt0372784',29615)
,('tt0372784',1233819)
,('tt0372784',150578)
,('tt0372784',1225357)
,('tt0372784',39681)
,('tt0372784',40687)
;
INSERT INTO public.mv_actor_movies (movies_id_imdb,actors_id_actor) VALUES 
('tt0372784',27709)
,('tt0372784',105159)
,('tt0372784',1226707)
,('tt0372784',1692416)
,('tt0372784',1692428)
,('tt0372784',1094720)
,('tt0372784',1451681)
,('tt0372784',1111202)
,('tt0372784',156598)
,('tt0372784',101658)
;
INSERT INTO public.mv_actor_movies (movies_id_imdb,actors_id_actor) VALUES 
('tt0372784',2974)
,('tt0372784',1695915)
,('tt0372784',1668)
,('tt0372784',1208945)
,('tt0372784',1237293)
,('tt0372784',135259)
,('tt0372784',1691868)
,('tt0372784',1691866)
,('tt0372784',1583206)
,('tt0372784',1695939)
;
INSERT INTO public.mv_actor_movies (movies_id_imdb,actors_id_actor) VALUES 
('tt0372784',208838)
,('tt0372784',1048571)
,('tt0372784',1695948)
,('tt0372784',1214974)
,('tt0372784',1695954)
,('tt0372784',1695947)
,('tt0372784',1232679)
,('tt0372784',1247020)
,('tt0372784',937527)
,('tt0372784',369256)
;
INSERT INTO public.mv_actor_movies (movies_id_imdb,actors_id_actor) VALUES 
('tt0372784',1695900)
,('tt0372784',1695949)
,('tt0372784',1449198)
,('tt0372784',81671)
,('tt0372784',81687)
,('tt0372784',1390394)
,('tt0372784',123796)
,('tt0372784',1207208)
,('tt0372784',1210410)
,('tt0372784',968767)
;
INSERT INTO public.mv_actor_movies (movies_id_imdb,actors_id_actor) VALUES 
('tt0372784',121701)
,('tt0372784',1207204)
,('tt0372784',1392726)
,('tt0372784',2008160)
,('tt0109440',82119)
,('tt0109440',4275)
,('tt0109440',27221)
,('tt0109440',47337)
,('tt0109440',76826)
,('tt0109440',19776)
;
INSERT INTO public.mv_actor_movies (movies_id_imdb,actors_id_actor) VALUES 
('tt0109440',76827)
,('tt0109440',2165)
,('tt0109440',10698)
,('tt0109440',28281)
,('tt0109440',24814)
,('tt0109440',30641)
,('tt0109440',507238)
,('tt0109440',545426)
,('tt0109440',49748)
,('tt0109440',255923)
;
INSERT INTO public.mv_actor_movies (movies_id_imdb,actors_id_actor) VALUES 
('tt0109440',62531)
,('tt0109440',572506)
,('tt0109440',39144)
,('tt0109440',2414)
,('tt0109440',67717)
,('tt0109440',23508)
,('tt0109440',2710)
,('tt0109440',17624)
,('tt0109440',310646)
,('tt0109440',291375)
;
INSERT INTO public.mv_actor_movies (movies_id_imdb,actors_id_actor) VALUES 
('tt0109440',411483)
,('tt0109440',278032)
,('tt0109440',19063)
,('tt0109440',572507)
,('tt0109440',572508)
,('tt0109440',572509)
,('tt0109440',264214)
,('tt0109440',572510)
,('tt0109440',78480)
,('tt0109440',70165)
;
INSERT INTO public.mv_actor_movies (movies_id_imdb,actors_id_actor) VALUES 
('tt0109440',21680)
,('tt0109440',415820)
,('tt0109440',572511)
,('tt0118715',1229)
,('tt0118715',1230)
,('tt0118715',884)
,('tt0118715',1231)
,('tt0118715',1233)
,('tt0118715',1232)
,('tt0118715',1241)
;
INSERT INTO public.mv_actor_movies (movies_id_imdb,actors_id_actor) VALUES 
('tt0118715',1234)
,('tt0118715',16431)
,('tt0118715',856)
,('tt0118715',53)
,('tt0118715',1238)
,('tt0118715',1237)
,('tt0118715',4771)
,('tt0118715',1235)
,('tt0118715',1236)
,('tt0118715',1239)
;
INSERT INTO public.mv_actor_movies (movies_id_imdb,actors_id_actor) VALUES 
('tt0118715',1240)
,('tt0118715',1242)
,('tt0118715',11207)
,('tt0118715',4253)
,('tt0118715',58565)
,('tt0118715',16662)
,('tt0118715',41517)
,('tt0118715',60275)
,('tt0118715',1433893)
,('tt0118715',162235)
;
INSERT INTO public.mv_actor_movies (movies_id_imdb,actors_id_actor) VALUES 
('tt0118715',154693)
,('tt0118715',116907)
,('tt0118715',4510)
,('tt0118715',6329)
,('tt0118715',66210)
,('tt0118715',169920)
,('tt0118715',1325966)
,('tt0118715',1000228)
,('tt0118715',1559637)
,('tt0118715',1667649)
;
INSERT INTO public.mv_actor_movies (movies_id_imdb,actors_id_actor) VALUES 
('tt0118715',177164)
,('tt0118715',132232)
,('tt0118715',154207)
,('tt1907668',5292)
,('tt1907668',1896)
,('tt1907668',21089)
,('tt1907668',17521)
,('tt1907668',1230)
,('tt1907668',49271)
,('tt1907668',65196)
;
INSERT INTO public.mv_actor_movies (movies_id_imdb,actors_id_actor) VALUES 
('tt1907668',42694)
,('tt1907668',6832)
,('tt1907668',31647)
,('tt1907668',208956)
,('tt1907668',1986)
,('tt1907668',18473)
,('tt1907668',146025)
,('tt1907668',1201512)
,('tt1907668',1705792)
,('tt1907668',1371098)
;
INSERT INTO public.mv_actor_movies (movies_id_imdb,actors_id_actor) VALUES 
('tt1907668',1220147)
,('tt1119646',51329)
,('tt1119646',27105)
,('tt1119646',58225)
,('tt1119646',21180)
,('tt1119646',69122)
,('tt1119646',83585)
,('tt1119646',4175)
,('tt1119646',83586)
,('tt1119646',46074)
;
INSERT INTO public.mv_actor_movies (movies_id_imdb,actors_id_actor) VALUES 
('tt1119646',80757)
,('tt1119646',51944)
,('tt1119646',55275)
,('tt1119646',71403)
,('tt1119646',7574)
,('tt1119646',78320)
,('tt1119646',59841)
,('tt1119646',123813)
,('tt1119646',1265844)
,('tt1119646',153621)
;
INSERT INTO public.mv_actor_movies (movies_id_imdb,actors_id_actor) VALUES 
('tt1119646',61182)
,('tt1119646',142375)
,('tt1119646',52654)
,('tt1119646',98397)
,('tt1119646',151121)
,('tt1119646',1265845)
,('tt1119646',142373)
,('tt1119646',57130)
,('tt1119646',558036)
,('tt1119646',162849)
;
INSERT INTO public.mv_actor_movies (movies_id_imdb,actors_id_actor) VALUES 
('tt1119646',981814)
,('tt1119646',208524)
,('tt1119646',54721)
,('tt1119646',1265846)
,('tt1119646',1265847)
,('tt1119646',1265848)
,('tt1119646',1265849)
,('tt1119646',58927)
,('tt1119646',1265850)
,('tt1119646',1265851)
;
INSERT INTO public.mv_actor_movies (movies_id_imdb,actors_id_actor) VALUES 
('tt1119646',62818)
,('tt1119646',1265852)
,('tt1119646',1120016)
,('tt1119646',1265853)
,('tt1119646',1265854)
,('tt1119646',1265855)
,('tt1119646',175174)
,('tt1119646',66650)
,('tt1119646',567226)
,('tt1119646',1265857)
;
INSERT INTO public.mv_actor_movies (movies_id_imdb,actors_id_actor) VALUES 
('tt1119646',208952)
,('tt1119646',1265859)
,('tt1119646',221942)
,('tt1119646',240945)
,('tt1119646',1017323)
,('tt1119646',1265861)
,('tt1119646',128971)
,('tt1119646',1214803)
,('tt1119646',970104)
,('tt1119646',1265869)
;
INSERT INTO public.mv_actor_movies (movies_id_imdb,actors_id_actor) VALUES 
('tt1119646',1265870)
,('tt1119646',984422)
,('tt1119646',1265876)
,('tt1119646',1172720)
,('tt1119646',123476)
,('tt1119646',139202)
,('tt1119646',1063037)
,('tt1119646',96010)
,('tt1119646',1265878)
,('tt1119646',1219668)
;
INSERT INTO public.mv_actor_movies (movies_id_imdb,actors_id_actor) VALUES 
('tt1119646',1574241)
,('tt1213663',11108)
,('tt1213663',11109)
,('tt1213663',14887)
,('tt1213663',7060)
,('tt1213663',1665)
,('tt1213663',10882)
,('tt1213663',517)
,('tt1213663',11180)
,('tt1213663',17123)
;
INSERT INTO public.mv_actor_movies (movies_id_imdb,actors_id_actor) VALUES 
('tt1213663',17078)
,('tt1213663',110076)
,('tt1213663',47712)
,('tt1213663',219367)
,('tt1213663',34551)
,('tt1213663',2440)
,('tt1213663',969561)
,('tt1213663',1200850)
,('tt1213663',1200851)
,('tt1213663',1200852)
;
INSERT INTO public.mv_actor_movies (movies_id_imdb,actors_id_actor) VALUES 
('tt1213663',206155)
,('tt1213663',1200853)
,('tt1213663',1200854)
,('tt1213663',1200855)
,('tt1213663',1200856)
,('tt1213663',1200857)
,('tt1213663',1200858)
,('tt1213663',1200859)
,('tt1213663',1278121)
,('tt1213663',28477)
;
INSERT INTO public.mv_actor_movies (movies_id_imdb,actors_id_actor) VALUES 
('tt1213663',1278122)
,('tt1213663',1278123)
,('tt1213663',1278124)
,('tt1213663',26863)
,('tt1213663',182327)
,('tt1213663',28847)
,('tt1213663',1278125)
,('tt1213663',137471)
,('tt1213663',237162)
,('tt1213663',1278127)
;
INSERT INTO public.mv_actor_movies (movies_id_imdb,actors_id_actor) VALUES 
('tt1213663',1278128)
,('tt1213663',1278129)
,('tt1213663',1278130)
,('tt1213663',951891)
,('tt1213663',206847)
,('tt1213663',206726)
,('tt1213663',1278131)
,('tt1213663',1278132)
,('tt1213663',1278134)
,('tt1213663',1278135)
;
INSERT INTO public.mv_actor_movies (movies_id_imdb,actors_id_actor) VALUES 
('tt1213663',1278136)
,('tt1213663',1278137)
,('tt1213663',117550)
,('tt1213663',211413)
,('tt1213663',40478)
,('tt1213663',91662)
,('tt1213663',11090)
,('tt0448157',2888)
,('tt0448157',6885)
,('tt0448157',23532)
;
INSERT INTO public.mv_actor_movies (movies_id_imdb,actors_id_actor) VALUES 
('tt0448157',66658)
,('tt0448157',1665)
,('tt0448157',66634)
,('tt0448157',539)
,('tt0448157',16478)
,('tt0448157',66623)
,('tt0448157',61835)
,('tt0448157',49921)
,('tt0448157',66659)
,('tt0448157',21317)
;
INSERT INTO public.mv_actor_movies (movies_id_imdb,actors_id_actor) VALUES 
('tt0448157',18300)
,('tt0448157',4030)
,('tt0448157',66681)
,('tt0448157',66666)
,('tt0448157',66683)
,('tt0448157',66669)
,('tt0448157',66630)
,('tt0448157',66685)
,('tt0448157',66664)
,('tt0448157',66680)
;
INSERT INTO public.mv_actor_movies (movies_id_imdb,actors_id_actor) VALUES 
('tt0448157',66671)
,('tt0448157',66667)
,('tt0448157',66663)
,('tt0448157',66686)
,('tt0448157',66687)
,('tt0448157',66660)
,('tt0448157',1514160)
,('tt0448157',60677)
,('tt0448157',638)
,('tt0448157',66646)
;
INSERT INTO public.mv_actor_movies (movies_id_imdb,actors_id_actor) VALUES 
('tt0448157',36602)
,('tt0387808',36422)
,('tt0387808',52792)
,('tt0387808',51298)
,('tt0387808',53256)
,('tt0387808',52793)
,('tt0387808',52794)
,('tt0387808',52795)
,('tt0387808',52796)
,('tt0387808',52797)
;
INSERT INTO public.mv_actor_movies (movies_id_imdb,actors_id_actor) VALUES 
('tt0387808',182680)
,('tt0387808',52798)
,('tt0387808',15033)
,('tt0387808',2533354)
,('tt0387808',52800)
,('tt0387808',52801)
,('tt0387808',21005)
,('tt0387808',52802)
,('tt0387808',1375020)
,('tt0387808',1375021)
;
INSERT INTO public.mv_actor_movies (movies_id_imdb,actors_id_actor) VALUES 
('tt0387808',1375022)
,('tt0387808',71555)
,('tt0387808',1375023)
,('tt0387808',1375024)
,('tt0387808',1375025)
,('tt0387808',1375026)
,('tt0387808',1375027)
,('tt0387808',1375028)
,('tt0387808',1375029)
,('tt0387808',1375030)
;
INSERT INTO public.mv_actor_movies (movies_id_imdb,actors_id_actor) VALUES 
('tt0387808',157534)
,('tt0387808',71565)
,('tt0387808',1375031)
,('tt0387808',1375032)
,('tt0387808',215887)
,('tt0387808',1087617)
,('tt0387808',94983)
,('tt0387808',19159)
,('tt0387808',1375033)
,('tt0387808',1375034)
;
INSERT INTO public.mv_actor_movies (movies_id_imdb,actors_id_actor) VALUES 
('tt0387808',180527)
,('tt0387808',1375035)
,('tt0387808',84816)
,('tt0387808',1375036)
,('tt0387808',32238)
,('tt0387808',1375037)
,('tt0387808',139235)
,('tt0387808',1375038)
,('tt0387808',1375039)
,('tt0387808',1375040)
;
INSERT INTO public.mv_actor_movies (movies_id_imdb,actors_id_actor) VALUES 
('tt0387808',1375041)
,('tt0387808',10131)
,('tt0387808',589305)
,('tt0387808',53131)
,('tt0387808',1741967)
,('tt0387808',1840842)
,('tt0387808',63304)
,('tt0387808',1883093)
,('tt0387808',1777738)
,('tt0387808',1129793)
;
INSERT INTO public.mv_actor_movies (movies_id_imdb,actors_id_actor) VALUES 
('tt0387808',1744994)
,('tt0387808',1584117)
,('tt0387808',1760588)
,('tt0387808',1998784)
,('tt0387808',2004965)
,('tt0387808',17401)
,('tt0387808',1471938)
,('tt0387808',1507453)
,('tt0387808',1323531)
,('tt0387808',2004971)
;
INSERT INTO public.mv_actor_movies (movies_id_imdb,actors_id_actor) VALUES 
('tt0387808',131427)
,('tt0387808',2004977)
,('tt0387808',499719)
,('tt0387808',1819759)
,('tt0433412',5958)
,('tt0433412',53929)
,('tt0433412',2051)
,('tt0433412',5657)
,('tt0433412',526)
,('tt0433412',63731)
;
INSERT INTO public.mv_actor_movies (movies_id_imdb,actors_id_actor) VALUES 
('tt0433412',52057)
,('tt0433412',63733)
,('tt0433412',63732)
,('tt0433412',63735)
,('tt0433412',63734)
,('tt0433412',13023)
,('tt0433412',63736)
,('tt0433412',63737)
,('tt0433412',63739)
,('tt0433412',63738)
;
INSERT INTO public.mv_actor_movies (movies_id_imdb,actors_id_actor) VALUES 
('tt0433412',41505)
,('tt0433412',63741)
,('tt0433412',59846)
,('tt0433412',109858)
,('tt0433412',1213786)
,('tt2101441',77948)
,('tt2101441',67599)
,('tt2101441',78030)
,('tt2101441',79504)
,('tt2101441',17051)
;
INSERT INTO public.mv_actor_movies (movies_id_imdb,actors_id_actor) VALUES 
('tt2101441',224228)
,('tt2101441',221606)
,('tt2101441',1194368)
,('tt2101441',1075505)
,('tt2101441',2107719)
,('tt2101441',1076694)
,('tt2101441',2107722)
,('tt2101441',1635146)
,('tt2101441',1635134)
;

-- INSERT Genres
INSERT INTO public.mv_genre (id_genre,"name") VALUES 
(18,'Drame')
,(80,'Crime')
,(53,'Thriller')
,(35,'Comédie')
,(12,'Aventure')
,(28,'Action')
,(878,'Science-Fiction')
,(14,'Fantastique')
,(99,'Documentaire')
,(10749,'Romance')
;
INSERT INTO public.mv_genre (id_genre,"name") VALUES 
(10752,'Guerre')
,(10770,'Téléfilm')
,(10751,'Familial')
,(36,'Histoire')
,(37,'Western')
,(9648,'Mystère')
,(27,'Horreur')
,(10402,'Musique')
;

-- INSERT Relation Genre / Movie
INSERT INTO public.mv_movies_genres (movies_id_imdb,genres_id_genre) VALUES 
('tt0137523',18)
,('tt0093409',12)
,('tt0093409',28)
,('tt0093409',35)
,('tt0093409',53)
,('tt0093409',80)
,('tt0078907',35)
,('tt3896198',28)
,('tt3896198',12)
,('tt3896198',35)
;
INSERT INTO public.mv_movies_genres (movies_id_imdb,genres_id_genre) VALUES 
('tt3896198',878)
,('tt0114814',18)
,('tt0114814',80)
,('tt0114814',53)
,('tt0800369',12)
,('tt0800369',14)
,('tt0800369',28)
,('tt0125439',10749)
,('tt0125439',35)
,('tt0125439',18)
;
INSERT INTO public.mv_movies_genres (movies_id_imdb,genres_id_genre) VALUES 
('tt0082100',18)
,('tt0082100',10749)
,('tt0082100',35)
,('tt0082100',10751)
,('tt0083686',35)
,('tt0083686',10749)
,('tt0083686',18)
,('tt0372784',28)
,('tt0372784',80)
,('tt0372784',18)
;
INSERT INTO public.mv_movies_genres (movies_id_imdb,genres_id_genre) VALUES 
('tt0109440',35)
,('tt0118715',35)
,('tt0118715',80)
,('tt1907668',18)
,('tt1119646',35)
,('tt1213663',35)
,('tt1213663',28)
,('tt1213663',878)
,('tt0448157',14)
,('tt0448157',28)
;
INSERT INTO public.mv_movies_genres (movies_id_imdb,genres_id_genre) VALUES 
('tt0387808',12)
,('tt0387808',35)
,('tt0387808',878)
,('tt0433412',35)
,('tt2101441',18)
,('tt2101441',80)
;

